kreis_ags,kreis_name,pop,area_km2,density,ost_west,bundesland_code,signatures,sig_psych,sig_stud,sig_med,fem,gender_known,gisd_score,gisd_5,share_AfD,share_BSW,share_FDP,share_Gruene,share_Linke,share_SPD,share_Union,per100k,psych_per100k,nonpsych_per100k,fem_share,uni_psych
01001,"Flensburg, Stadt",96326,56.73,1697.9729,West,01,616,50,90,88,447,605,0.7729,5.0,15.2543,3.1528,3.6828,15.9437,8.2921,15.9244,24.8502,639.495,51.9071,587.588,0.7388,False
01002,"Kiel, Landeshauptstadt",252668,118.65,2129.5238,West,01,2979,395,651,337,2107,2913,0.5997,4.0,10.7535,3.2776,3.9487,22.938,13.698,19.2942,19.7476,1179.0175,156.3316,1022.6859,0.7233,True
01003,"Lübeck, Hansestadt",216889,214.19,1012.601,West,01,2112,270,476,316,1523,2066,0.6399,4.0,15.6531,3.7329,3.9017,17.8969,10.4952,21.1198,22.5343,973.77,124.4876,849.2824,0.7372,True
01004,"Neumünster, Stadt",79809,71.66,1113.7176,West,01,249,22,17,35,187,243,0.8327,5.0,18.0036,3.5344,4.3111,13.9897,6.7695,19.1665,28.611,311.9949,27.5658,284.4291,0.7695,False
01051,Dithmarschen,133460,1428.18,93.4476,West,01,287,15,12,54,205,279,0.6484,5.0,18.1551,3.4376,5.0425,11.6719,6.397,17.5005,29.4349,215.0457,11.2393,203.8064,0.7348,False
01053,Herzogtum Lauenburg,206235,1263.05,163.2833,West,01,522,39,23,87,367,513,0.5379,3.0,17.0391,3.7051,5.2259,14.2949,7.2125,19.4252,29.0691,253.1093,18.9105,234.1989,0.7154,False
01054,Nordfriesland,170029,2083.53,81.6062,West,01,512,50,10,84,393,497,0.584,4.0,16.0638,3.209,4.9819,12.2709,6.1747,17.4208,29.6256,301.1251,29.4067,271.7184,0.7907,False
01055,Ostholstein,201472,1392.99,144.6328,West,01,493,47,15,99,354,484,0.5696,4.0,17.6639,3.0948,5.1042,12.7291,5.9569,19.6747,31.149,244.699,23.3283,221.3707,0.7314,False
01056,Pinneberg,325223,664.27,489.5946,West,01,1134,92,69,154,823,1103,0.4774,3.0,15.6021,3.5732,5.0607,14.533,7.5713,20.2319,28.8638,348.6838,28.2883,320.3955,0.7461,False
01057,Plön,130609,1083.58,120.5347,West,01,429,49,11,66,306,420,0.5415,3.0,18.0036,3.5344,4.3111,13.9897,6.7695,19.1665,28.611,328.4613,37.5166,290.9447,0.7286,False
01058,Rendsburg-Eckernförde,278058,2189.75,126.9816,West,01,982,91,38,163,725,968,0.521,3.0,15.6394,3.1896,4.5855,15.2924,6.8761,17.8351,28.5763,353.1637,32.727,320.4367,0.749,False
01059,Schleswig-Flensburg,205472,2071.32,99.1986,West,01,549,61,20,92,407,535,0.6528,5.0,15.2543,3.1528,3.6828,15.9437,8.2921,15.9244,24.8502,267.1897,29.6877,237.5019,0.7607,False
01060,Segeberg,283562,1344.47,210.9099,West,01,1107,94,50,182,793,1077,0.4658,2.0,17.5389,3.6837,5.1623,13.4459,7.0167,18.9447,29.0588,390.3908,33.1497,357.2411,0.7363,False
01061,Steinburg,132731,1055.7,125.728,West,01,324,33,7,45,220,318,0.6116,4.0,20.3672,3.6795,5.1067,11.0384,6.6322,17.5848,29.2331,244.1027,24.8623,219.2404,0.6918,False
01062,Stormarn,246974,766.24,322.3194,West,01,814,79,50,112,595,793,0.3617,1.0,17.2274,3.6456,5.2859,13.745,6.8687,19.2344,29.6192,329.5893,31.9872,297.6022,0.7503,False
02000,"Hamburg, Freie und Hansestadt",1862565,755.09,2466.6795,West,02,20856,3070,2817,1985,15059,20320,0.3273,1.0,10.8651,4.009,4.5059,19.2912,14.4522,22.7367,20.747,1119.7462,164.8265,954.9197,0.7411,True
03101,"Braunschweig, Stadt",252962,192.7,1312.7244,West,03,2453,316,403,210,1743,2404,0.3478,1.0,13.3428,3.8597,3.9794,17.9776,11.631,22.6396,22.6163,969.7109,124.9199,844.7909,0.725,True
03102,"Salzgitter, Stadt",104970,224.48,467.614,West,03,141,10,8,21,98,138,0.6838,5.0,21.3353,4.0403,3.5422,8.7168,7.79,24.37,26.5345,134.3241,9.5265,124.7976,0.7101,False
03103,"Wolfsburg, Stadt",129560,204.62,633.1737,West,03,381,32,17,43,270,372,0.1954,1.0,21.7743,4.4972,3.7836,8.527,6.6966,23.2308,27.721,294.0722,24.699,269.3733,0.7258,False
03151,Gifhorn,175943,1567.55,112.2408,West,03,475,31,16,66,355,469,0.4396,2.0,21.3797,3.9145,3.7308,9.3828,6.5209,23.7795,27.4972,269.9738,17.6193,252.3545,0.7569,False
03153,Goslar,126775,966.73,131.138,West,03,290,27,10,51,205,286,0.6188,4.0,20.4099,3.945,3.8296,8.7107,7.1925,24.7175,27.5162,228.7517,21.2976,207.4542,0.7168,False
03154,Helmstedt,90227,676.12,133.4482,West,03,186,17,11,26,138,183,0.5322,3.0,21.7743,4.4972,3.7836,8.527,6.6966,23.2308,27.721,206.1467,18.8414,187.3054,0.7541,False
03155,Northeim,125623,1268.77,99.0116,West,03,337,24,19,64,232,330,0.5629,4.0,20.1523,3.8858,3.9529,8.7958,6.8966,24.8374,27.829,268.263,19.1048,249.1582,0.703,False
03157,Peine,137045,536.5,255.4427,West,03,354,27,21,51,257,351,0.5512,4.0,21.315,3.8189,3.7221,9.5232,6.492,23.8695,27.4605,258.3093,19.7016,238.6078,0.7322,False
03158,Wolfenbüttel,118290,724.31,163.3141,West,03,416,30,30,50,302,410,0.4922,3.0,21.3353,4.0403,3.5422,8.7168,7.79,24.37,26.5345,351.6781,25.3614,326.3167,0.7366,False
03159,Göttingen,328028,1755.38,186.8701,West,03,2938,292,1115,330,2110,2900,0.516,3.0,15.1998,3.7967,3.9572,14.7619,10.5709,22.3428,25.9507,895.6552,89.0168,806.6385,0.7276,True
03241,Region Hannover,1140888,2297.13,496.658,West,03,6889,746,883,820,4889,6734,0.4749,3.0,14.8591,4.0001,4.1914,15.2576,10.2934,23.1678,24.8366,603.8279,65.3877,538.4402,0.726,True
03251,Diepholz,221202,1991.02,111.0998,West,03,524,43,33,78,395,517,0.5277,3.0,17.5679,3.6717,4.5711,10.2628,6.8061,22.8269,30.4252,236.8876,19.4392,217.4483,0.764,False
03252,Hameln-Pyrmont,150203,797.53,188.3352,West,03,405,35,20,68,283,395,0.5969,4.0,21.1903,3.7636,3.9339,9.4115,6.6578,24.6099,27.005,269.6351,23.3018,246.3333,0.7165,False
03254,Hildesheim,267506,1208.33,221.3849,West,03,1456,151,319,169,1104,1426,0.5546,4.0,18.0596,3.7437,3.7175,11.5514,8.3915,24.243,26.8977,544.2869,56.4473,487.8395,0.7742,True
03255,Holzminden,65581,694.26,94.4617,West,03,140,5,4,27,90,134,0.6501,5.0,21.1903,3.7636,3.9339,9.4115,6.6578,24.6099,27.005,213.4765,7.6242,205.8523,0.6716,False
03256,Nienburg (Weser),121468,1400.79,86.7139,West,03,264,9,6,40,188,260,0.6352,4.0,19.8198,3.6678,3.9865,10.0097,6.6013,23.9352,28.155,217.3412,7.4094,209.9318,0.7231,False
03257,Schaumburg,156841,675.67,232.1266,West,03,406,36,17,70,299,402,0.5983,4.0,20.5831,3.6664,3.7883,9.9239,6.5319,24.3107,27.3856,258.8609,22.9532,235.9077,0.7438,False
03351,Celle,172449,1550.82,111.1986,West,03,447,28,21,72,328,438,0.5766,4.0,20.3364,3.6301,4.3135,10.2263,7.0089,20.8808,29.6843,259.2071,16.2367,242.9704,0.7489,False
03352,Cuxhaven,198842,2058.98,96.5731,West,03,474,31,21,90,350,460,0.62,4.0,20.0345,3.7114,3.7723,8.8452,6.0114,23.9913,29.7709,238.3802,15.5903,222.79,0.7609,False
03353,Harburg,265864,1248.47,212.9519,West,03,806,65,39,118,586,789,0.4209,2.0,16.8109,3.5648,4.8604,12.8998,7.0504,20.4857,30.4021,303.1625,24.4486,278.7139,0.7427,False
03354,Lüchow-Dannenberg,46502,1227.3,37.8897,West,03,260,35,1,45,205,254,0.7015,5.0,16.2359,3.8628,3.649,16.6169,10.3652,20.9851,24.0633,559.1157,75.2656,483.8502,0.8071,False
03355,Lüneburg,179448,1327.84,135.1428,West,03,1542,188,262,193,1151,1504,0.4892,3.0,16.2359,3.8628,3.649,16.6169,10.3652,20.9851,24.0633,859.3019,104.7657,754.5361,0.7653,False
03356,Osterholz,113598,652.67,174.0512,West,03,411,37,22,63,310,402,0.4672,2.0,17.6418,3.9481,4.1972,12.3637,7.2887,22.9809,28.0063,361.8021,32.571,329.2311,0.7711,False
03357,Rotenburg (Wümme),165904,2074.75,79.9634,West,03,460,29,11,102,342,454,0.5507,4.0,19.0167,3.3708,3.8711,10.1553,7.0703,23.2725,29.4964,277.2688,17.48,259.7888,0.7533,False
03358,Heidekreis,141321,1881.47,75.112,West,03,337,32,11,63,251,331,0.6583,5.0,19.8198,3.438,3.6927,9.2309,7.052,24.7837,28.0947,238.4642,22.6435,215.8207,0.7583,False
03359,Stade,207700,1267.4,163.8788,West,03,610,51,25,86,433,600,0.5406,3.0,18.6396,3.3852,3.9778,10.5644,6.8925,22.3475,30.5237,293.6928,24.5546,269.1382,0.7217,False
03360,Uelzen,91638,1462.6,62.6542,West,03,329,32,13,52,232,321,0.6076,4.0,20.3364,3.6301,4.3135,10.2263,7.0089,20.8808,29.6843,359.0214,34.92,324.1014,0.7227,False
03361,Verden,138626,789.33,175.6249,West,03,478,38,26,99,355,468,0.4546,2.0,17.6418,3.9481,4.1972,12.3637,7.2887,22.9809,28.0063,344.8127,27.4119,317.4008,0.7585,False
03401,"Delmenhorst, Stadt",81406,62.45,1303.5388,West,03,140,11,6,10,98,137,0.8587,5.0,19.5312,4.1583,4.915,10.0141,7.3958,23.8123,26.1302,171.9775,13.5125,158.465,0.7153,False
03402,"Emden, Stadt",49202,112.34,437.974,West,03,151,13,15,18,112,151,0.6736,5.0,21.0411,4.1685,3.266,8.2414,7.5328,28.625,23.2779,306.8981,26.4217,280.4764,0.7417,False
03403,"Oldenburg (Oldenburg), Stadt",176614,103.09,1713.2021,West,03,1688,188,259,207,1212,1650,0.5109,3.0,12.9005,3.8093,4.4284,16.4902,11.2326,23.823,23.8505,955.7566,106.4468,849.3098,0.7345,True
03404,"Osnabrück, Stadt",166057,119.8,1386.1185,West,03,2412,349,522,282,1724,2365,0.5436,3.0,11.5261,3.4264,4.1338,15.9577,11.0668,24.464,26.2723,1452.5133,210.1688,1242.3445,0.729,True
03405,"Wilhelmshaven, Stadt",75745,107.11,707.1702,West,03,169,20,9,20,120,164,0.8093,5.0,20.1997,4.0836,3.9768,8.3866,7.2686,25.4893,26.4278,223.117,26.4044,196.7127,0.7317,False
03451,Ammerland,127751,730.65,174.8457,West,03,324,32,10,53,252,315,0.5078,3.0,12.9005,3.8093,4.4284,16.4902,11.2326,23.823,23.8505,253.6184,25.0487,228.5696,0.8,False
03452,Aurich,188816,1287.36,146.6692,West,03,439,36,9,74,325,430,0.6971,5.0,21.0411,4.1685,3.266,8.2414,7.5328,28.625,23.2779,232.5015,19.0662,213.4353,0.7558,False
03453,Cloppenburg,177025,1420.35,124.6348,West,03,209,13,17,25,163,209,0.6588,5.0,20.6009,3.3415,4.529,7.1314,6.1866,15.6051,39.5411,118.0624,7.3436,110.7188,0.7799,False
03454,Emsland,334539,2883.66,116.0119,West,03,1031,73,46,157,757,1017,0.53,3.0,17.3312,3.2944,4.227,8.0232,6.4498,21.4674,36.3036,308.1853,21.8211,286.3642,0.7443,False
03455,Friesland,100411,609.54,164.7324,West,03,225,19,7,39,172,222,0.5758,4.0,20.1997,4.0836,3.9768,8.3866,7.2686,25.4893,26.4278,224.079,18.9222,205.1568,0.7748,False
03456,Grafschaft Bentheim,144543,981.79,147.2239,West,03,429,30,19,75,309,417,0.5985,4.0,14.3417,2.9273,4.4917,8.6884,6.3496,21.2306,39.2765,296.7975,20.7551,276.0424,0.741,False
03457,Leer,169103,1085.71,155.7534,West,03,444,31,19,77,337,440,0.6808,5.0,20.8779,3.7298,3.9128,7.2339,6.5687,21.7485,32.7766,262.5619,18.332,244.2298,0.7659,False
03458,Oldenburg,132008,1064.83,123.971,West,03,356,30,11,68,272,352,0.5048,3.0,19.5312,4.1583,4.915,10.0141,7.3958,23.8123,26.1302,269.6806,22.7259,246.9547,0.7727,False
03459,Osnabrück,354821,2121.8,167.2264,West,03,1125,97,42,202,813,1106,0.5137,3.0,16.4191,3.6218,4.2633,11.4129,7.6902,22.8032,30.5814,317.0613,27.3377,289.7236,0.7351,False
03460,Vechta,146539,814.21,179.9769,West,03,352,21,36,49,257,349,0.5389,3.0,20.6009,3.3415,4.529,7.1314,6.1866,15.6051,39.5411,240.2091,14.3307,225.8784,0.7364,False
03461,Wesermarsch,88936,824.78,107.83,West,03,185,8,5,32,128,179,0.564,4.0,19.5312,4.1583,4.915,10.0141,7.3958,23.8123,26.1302,208.0148,8.9952,199.0195,0.7151,False
03462,Wittmund,55969,656.84,85.2095,West,03,117,11,6,24,92,114,0.6681,5.0,20.1997,4.0836,3.9768,8.3866,7.2686,25.4893,26.4278,209.0443,19.6537,189.3906,0.807,False
04011,"Bremen, Stadt",586271,326.17,1797.44,West,04,5073,649,803,556,3711,4953,0.6256,4.0,14.4654,4.3017,3.5853,16.1181,14.9852,22.918,20.6811,865.2995,110.6997,754.5998,0.7492,True
04012,"Bremerhaven, Stadt",118610,93.77,1264.9035,West,04,310,23,34,33,211,301,0.9592,5.0,19.2284,4.6007,3.1559,11.9553,13.3543,24.6946,19.6692,261.3608,19.3913,241.9695,0.701,True
05111,"Düsseldorf, Stadt",618685,217.41,2845.7063,West,05,6044,847,897,584,4335,5904,0.2723,1.0,11.3031,4.1598,6.7513,17.7311,10.5294,17.959,27.9947,976.9107,136.9033,840.0074,0.7342,True
05112,"Duisburg, Stadt",502270,232.84,2157.1465,West,05,1770,149,126,218,1224,1731,0.8708,5.0,20.7943,5.4349,3.0271,8.748,10.7234,25.521,21.3085,352.4001,29.6653,322.7348,0.7071,True
05113,"Essen, Stadt",574682,210.34,2732.1575,West,05,4086,429,427,557,2855,4005,0.6186,4.0,16.4337,4.3227,4.1353,12.664,9.3032,22.3461,26.8652,711.0019,74.65,636.3519,0.7129,True
05114,"Krefeld, Stadt",231406,137.78,1679.5326,West,05,1099,144,81,133,778,1077,0.6889,5.0,15.6183,4.1175,5.4883,11.6532,7.5259,20.2094,31.5107,474.9229,62.2283,412.6946,0.7224,False
05116,"Mönchengladbach, Stadt",267213,170.47,1567.5075,West,05,1288,135,94,166,963,1266,0.7736,5.0,18.0605,4.5998,4.5458,9.9514,9.4928,18.7189,30.568,482.0125,50.5215,431.491,0.7607,False
05117,"Mülheim an der Ruhr, Stadt",173050,91.28,1895.8151,West,05,985,97,60,136,687,965,0.4992,3.0,17.046,4.2893,4.272,10.9938,7.8414,23.609,28.086,569.1997,56.0532,513.1465,0.7119,False
05119,"Oberhausen, Stadt",213646,77.09,2771.3841,West,05,806,61,52,117,561,795,0.7965,5.0,20.3896,4.7355,3.388,8.8877,8.2489,25.171,24.9385,377.2596,28.5519,348.7077,0.7057,False
05120,"Remscheid, Stadt",113828,74.52,1527.4826,West,05,353,30,17,54,251,347,0.6795,5.0,18.2756,4.7023,4.7348,11.1964,8.4254,20.0951,28.4684,310.117,26.3556,283.7615,0.7233,False
05122,"Solingen, Klingenstadt",165626,89.54,1849.7431,West,05,861,62,66,130,632,853,0.6882,5.0,18.2756,4.7023,4.7348,11.1964,8.4254,20.0951,28.4684,519.8459,37.4337,482.4122,0.7409,False
05124,"Wuppertal, Stadt",358193,168.39,2127.1631,West,05,2379,219,328,249,1636,2318,0.7341,5.0,18.0445,5.2003,4.3167,12.1663,11.062,20.1539,25.0588,664.1671,61.1402,603.0269,0.7058,True
05154,Kleve,322018,1232.99,261.1684,West,05,1429,123,52,254,1017,1399,0.651,5.0,16.0472,3.361,4.4674,10.4713,6.4115,18.7536,36.5188,443.764,38.1966,405.5674,0.7269,False
05158,Mettmann,490910,407.21,1205.5451,West,05,2330,193,159,301,1690,2287,0.4144,2.0,16.1096,4.2313,5.4889,12.1032,6.9862,19.1265,32.0735,474.6288,39.3147,435.314,0.739,False
05162,Rhein-Kreis Neuss,457077,576.44,792.9307,West,05,2115,185,125,281,1502,2065,0.4166,2.0,16.1147,4.1351,5.5758,11.2571,7.284,18.44,33.2994,462.7229,40.4746,422.2483,0.7274,False
05166,Viersen,297857,563.27,528.7997,West,05,1468,125,71,214,1091,1443,0.551,4.0,15.8682,3.7207,5.4347,11.4144,6.4286,18.2133,34.7701,492.854,41.9664,450.8875,0.7561,False
05170,Wesel,457918,1042.76,439.1404,West,05,1911,154,80,300,1395,1893,0.5875,4.0,17.5665,4.0311,4.2694,9.8153,7.1829,23.2358,29.9243,417.3236,33.6305,383.6932,0.7369,False
05314,"Bonn, Stadt",323336,141.06,2292.1877,West,05,5314,783,1013,610,3783,5213,0.3186,1.0,8.9175,3.586,5.1862,22.9013,12.45,17.6824,26.1583,1643.4916,242.163,1401.3286,0.7257,True
05315,"Köln, Stadt",1024621,405.02,2529.8035,West,05,21401,3158,2949,2037,15250,20959,0.4104,2.0,10.4908,3.9571,4.5652,21.0242,14.2864,19.2887,22.7705,2088.6747,308.2115,1780.4632,0.7276,True
05316,"Leverkusen, Stadt",168581,78.87,2137.454,West,05,751,75,63,128,519,735,0.4908,3.0,15.4515,4.7379,3.9055,14.2119,11.6452,21.2196,24.6145,445.4832,44.489,400.9942,0.7061,False
05334,Städteregion Aachen,582410,706.92,823.8697,West,05,4587,461,905,571,3165,4503,0.587,4.0,14.9657,3.838,4.4659,15.9803,9.4778,19.4791,28.172,787.5895,79.1539,708.4356,0.7029,True
05358,Düren,279285,941.48,296.6446,West,05,895,66,42,132,642,873,0.6238,4.0,20.5099,4.2412,4.2871,8.4709,6.424,18.545,33.3395,320.4612,23.6318,296.8294,0.7354,False
05362,Rhein-Erft-Kreis,477988,704.69,678.2954,West,05,2481,222,176,314,1803,2448,0.494,3.0,17.169,4.1861,4.9378,11.3883,6.9341,19.1366,32.2413,519.0507,46.4447,472.606,0.7365,False
05366,Euskirchen,202609,1248.72,162.2533,West,05,889,66,42,133,641,879,0.6008,4.0,18.3555,3.9811,4.7995,10.9084,6.2799,17.6849,33.793,438.7762,32.5751,406.2011,0.7292,False
05370,Heinsberg,263681,627.92,419.9277,West,05,891,60,33,138,646,883,0.6628,5.0,20.1292,3.8947,4.1761,8.7309,6.3167,17.0882,35.2306,337.9083,22.7548,315.1535,0.7316,False
05374,Oberbergischer Kreis,274057,918.84,298.2641,West,05,1075,74,38,184,766,1064,0.5183,3.0,21.1863,4.6071,4.6089,9.5102,6.2855,17.7689,31.6751,392.2542,27.0017,365.2525,0.7199,False
05378,Rheinisch-Bergischer Kreis,284273,437.32,650.0343,West,05,1983,177,96,260,1454,1947,0.4121,2.0,13.2674,3.4369,5.5596,15.0357,6.526,18.4944,33.783,697.5689,62.2641,635.3048,0.7468,False
05382,Rhein-Sieg-Kreis,605441,1153.2,525.0095,West,05,3425,275,204,494,2493,3372,0.4848,3.0,15.8947,3.9781,5.2998,13.5545,6.657,17.2945,33.3771,565.7033,45.4214,520.2819,0.7393,False
05512,"Bottrop, Stadt",118535,100.61,1178.1632,West,05,425,32,18,73,287,418,0.6618,5.0,20.8757,4.2745,3.454,8.3859,6.6965,23.1117,29.2737,358.5439,26.9962,331.5476,0.6866,False
05513,"Gelsenkirchen, Stadt",267930,104.94,2553.1732,West,05,872,79,51,136,602,854,1.0,5.0,24.6617,5.07,3.0236,6.5235,9.4313,24.0951,22.7179,325.4581,29.4853,295.9728,0.7049,False
05515,"Münster, Stadt",308258,303.28,1016.4139,West,05,7540,1028,1953,858,5387,7434,0.3608,1.0,6.8573,2.6662,4.6467,26.6109,12.5116,18.066,25.7274,2446.003,333.4869,2112.5161,0.7246,True
05554,Borken,380796,1420.97,267.9831,West,05,1430,111,65,230,1063,1408,0.5295,3.0,13.7309,3.0296,4.3547,10.6084,5.7023,17.7194,41.3649,375.5292,29.1495,346.3797,0.755,False
05558,Coesfeld,227859,1112.03,204.9036,West,05,1179,93,51,207,843,1165,0.4405,2.0,12.6496,2.8273,4.238,13.5215,5.4587,17.8963,40.1905,517.4252,40.8147,476.6105,0.7236,False
05562,Recklinghausen,621305,761.32,816.0892,West,05,2591,206,119,404,1821,2552,0.6885,5.0,20.6597,4.2233,3.525,8.9968,6.9545,23.2854,28.4018,417.0255,33.156,383.8694,0.7136,False
05566,Steinfurt,451712,1795.76,251.5436,West,05,2022,174,82,359,1458,1996,0.5247,3.0,14.8804,3.4342,4.0856,11.608,6.3442,20.6159,35.5858,447.6303,38.5201,409.1102,0.7305,False
05570,Warendorf,282639,1319.42,214.2146,West,05,1145,77,33,191,826,1131,0.5012,3.0,15.9809,3.6101,4.0777,11.2704,6.2574,18.5979,36.6391,405.1104,27.2432,377.8672,0.7303,False
05711,"Bielefeld, Stadt",331605,258.83,1281.1691,West,05,4289,619,864,399,3017,4197,0.6003,4.0,14.3672,4.5527,4.1698,16.5271,13.1762,20.3381,23.3373,1293.4063,186.6679,1106.7384,0.7188,True
05754,Gütersloh,363982,969.21,375.545,West,05,1343,91,75,172,964,1318,0.4649,2.0,18.4101,4.2036,4.413,11.4847,6.5336,18.0884,33.3365,368.9743,25.0012,343.9731,0.7314,False
05758,Herford,254404,450.4,564.8401,West,05,911,83,46,122,647,900,0.5638,4.0,21.2885,4.8251,4.1261,9.6979,7.1194,21.4924,27.7665,358.0919,32.6253,325.4666,0.7189,False
05762,Höxter,139252,1201.42,115.9062,West,05,475,37,31,79,350,466,0.5571,4.0,20.6316,3.9516,4.316,8.3514,5.6152,16.9635,36.4543,341.1082,26.5705,314.5377,0.7511,False
05766,Lippe,347149,1246.2,278.566,West,05,1485,118,99,230,1060,1462,0.5422,3.0,21.6049,4.3698,4.263,10.2508,6.607,20.2818,28.6204,427.7702,33.9912,393.779,0.725,False
05770,Minden-Lübbecke,320557,1152.41,278.1623,West,05,1111,112,59,162,800,1093,0.5695,4.0,21.6788,4.5294,4.1733,9.5143,6.7094,22.0446,27.5331,346.5842,34.9392,311.645,0.7319,False
05774,Paderborn,315912,1246.78,253.3823,West,05,1470,116,184,188,1037,1452,0.5246,3.0,18.9439,3.9563,4.2083,11.5013,7.0844,13.7547,37.3163,465.3195,36.7191,428.6004,0.7142,False
05911,"Bochum, Stadt",358676,145.66,2462.4193,West,05,4128,522,809,489,2928,4059,0.6085,4.0,15.9665,4.1421,3.4466,13.0971,11.3319,24.7012,23.2906,1150.8994,145.5352,1005.3642,0.7214,True
05913,"Dortmund, Stadt",603462,280.71,2149.7702,West,05,4136,442,455,477,2905,4053,0.7221,5.0,16.8171,4.5374,3.5614,13.363,11.0363,23.7149,22.7707,685.3787,73.244,612.1346,0.7168,False
05914,"Hagen, Stadt der FernUniversität",190384,160.45,1186.5628,West,05,803,60,49,121,557,782,0.8383,5.0,20.9361,4.8266,3.8553,8.802,7.7654,21.3803,28.363,421.7791,31.5153,390.2639,0.7123,True
05915,"Hamm, Stadt",179968,226.43,794.8063,West,05,491,47,39,73,347,481,0.7705,5.0,21.0716,4.5724,3.3732,8.1741,7.4926,23.1493,28.3545,272.8263,26.1158,246.7105,0.7214,False
05916,"Herne, Stadt",155851,51.42,3030.9413,West,05,537,45,49,89,389,524,0.8641,5.0,20.9303,4.6583,2.968,8.9346,9.588,25.8524,22.7501,344.5599,28.8737,315.6861,0.7424,False
05954,Ennepe-Ruhr-Kreis,314167,409.65,766.9157,West,05,2217,229,329,345,1570,2186,0.5245,3.0,17.8743,4.2226,4.016,11.5464,7.5742,23.1173,27.5966,705.6756,72.8912,632.7845,0.7182,True
05958,Hochsauerlandkreis,260843,1960.16,133.0723,West,05,934,79,26,183,686,925,0.5235,3.0,16.7209,3.2366,3.7988,7.3241,5.3434,16.3688,43.6181,358.0698,30.2864,327.7834,0.7416,False
05962,Märkischer Kreis,408046,1061.08,384.5572,West,05,1332,101,47,208,953,1312,0.6288,4.0,21.0471,4.2307,3.9583,7.4097,6.3076,17.6171,35.7591,326.4338,24.7521,301.6817,0.7264,False
05966,Olpe,132346,712.1,185.8531,West,05,478,43,21,94,340,474,0.4745,3.0,20.5099,4.0922,3.953,7.2184,5.4841,16.4429,38.8874,361.1745,32.4906,328.6839,0.7173,False
05970,Siegen-Wittgenstein,274074,1132.89,241.9246,West,05,1320,120,190,160,977,1299,0.499,3.0,20.2779,4.5009,3.965,8.5747,7.2357,19.9238,31.5569,481.6218,43.7838,437.838,0.7521,True
05974,Soest,300297,1328.63,226.02,West,05,1316,122,81,241,973,1300,0.5087,3.0,18.907,3.9088,4.0539,10.048,6.1102,18.385,35.0245,438.2328,40.6264,397.6064,0.7485,False
05978,Unna,393784,543.21,724.9204,West,05,1576,134,94,240,1130,1550,0.6263,4.0,19.5606,4.2045,3.4401,9.6483,7.2994,24.1693,27.7078,400.2194,34.0288,366.1906,0.729,False
06411,"Darmstadt, Wissenschaftsstadt",167029,122.07,1368.3051,West,06,1946,190,347,169,1289,1894,0.297,1.0,13.6035,4.4568,4.7904,19.082,11.1736,18.5233,24.1505,1165.0671,113.7527,1051.3144,0.6806,True
06412,"Frankfurt am Main, Stadt",756021,248.31,3044.6659,West,06,6736,1079,1080,487,4769,6558,0.2543,1.0,9.9831,4.7955,6.6023,19.5025,14.3759,17.1526,24.2749,890.9805,142.7209,748.2596,0.7272,True
06413,"Offenbach am Main, Stadt",132746,44.88,2957.7986,West,06,670,97,68,52,459,646,0.6952,5.0,15.1661,5.648,5.4115,13.0928,11.5012,17.4475,27.7362,504.7233,73.0719,431.6514,0.7105,False
06414,"Wiesbaden, Landeshauptstadt",288850,203.87,1416.8343,West,06,2062,304,282,214,1446,2008,0.4465,2.0,14.0868,4.925,5.5934,15.9596,11.5068,17.4656,26.622,713.8653,105.2449,608.6204,0.7201,False
06431,Bergstraße,274169,719.49,381.0602,West,06,819,90,49,109,605,803,0.4166,2.0,20.1476,4.2848,5.1788,11.2107,6.093,17.3783,31.2233,298.7209,32.8265,265.8944,0.7534,False
06432,Darmstadt-Dieburg,302021,658.61,458.5734,West,06,1126,89,78,163,829,1103,0.4022,2.0,15.5398,4.4504,4.8457,16.1419,9.6465,18.3767,26.6164,372.8218,29.4681,343.3536,0.7516,False
06433,Groß-Gerau,268310,453.03,592.2566,West,06,794,68,52,101,568,768,0.4753,3.0,16.9322,5.6574,4.4948,11.3543,9.9522,20.065,27.1827,295.9264,25.3438,270.5825,0.7396,False
06434,Hochtaunuskreis,241664,481.84,501.5441,West,06,919,105,62,86,631,891,0.1369,1.0,15.8004,3.7095,6.7229,13.3298,6.2494,16.4622,33.8651,380.2801,43.4488,336.8313,0.7082,False
06435,Main-Kinzig-Kreis,420914,1397.33,301.2273,West,06,1328,143,78,166,955,1303,0.4666,2.0,21.5547,4.6588,4.8203,10.03,7.3979,17.4878,29.4751,315.5039,33.9737,281.5302,0.7329,False
06436,Main-Taunus-Kreis,238775,222.52,1073.0496,West,06,881,93,64,106,644,871,0.1676,1.0,13.2806,3.6595,7.3943,14.4907,6.6124,15.673,35.1195,368.9666,38.9488,330.0178,0.7394,False
06437,Odenwaldkreis,93846,623.99,150.3966,West,06,229,12,20,30,170,225,0.5648,4.0,18.7549,4.4396,4.9375,11.2601,7.1108,18.1333,30.711,244.0168,12.7869,231.2299,0.7556,False
06438,Offenbach,358022,356.23,1005.0305,West,06,1366,114,109,139,978,1338,0.3788,1.0,16.5726,5.1744,5.2257,12.3745,9.7805,17.7162,28.9021,381.5408,31.8416,349.6992,0.7309,False
06439,Rheingau-Taunus-Kreis,185651,811.41,228.8005,West,06,896,80,45,123,624,886,0.3821,1.0,17.5938,3.7069,5.6047,12.1935,6.3074,16.9842,33.427,482.626,43.0916,439.5344,0.7043,False
06440,Wetteraukreis,311593,1100.69,283.0888,West,06,1130,127,66,140,801,1106,0.3992,2.0,18.9726,3.9119,5.2067,12.2955,6.8327,17.3153,30.7042,362.6526,40.7583,321.8943,0.7242,False
06531,Gießen,268418,854.56,314.1008,West,06,2919,428,949,339,2050,2865,0.4929,3.0,19.4259,4.4504,4.1716,12.0831,9.5409,18.7601,26.8478,1087.483,159.4528,928.0302,0.7155,True
06532,Lahn-Dill-Kreis,254074,1066.3,238.2763,West,06,911,86,68,152,648,895,0.5127,3.0,22.7629,4.2896,4.0686,8.7851,6.6385,18.8759,30.1604,358.557,33.8484,324.7085,0.724,False
06533,Limburg-Weilburg,173830,738.44,235.4017,West,06,442,40,23,68,303,438,0.5262,3.0,17.1749,3.7118,5.938,12.4938,6.2582,16.8667,33.4781,254.2714,23.011,231.2604,0.6918,False
06534,Marburg-Biedenkopf,242805,1262.37,192.3406,West,06,2886,422,882,346,2117,2844,0.4813,3.0,18.1794,3.9125,3.9039,12.9464,10.573,20.5462,26.2897,1188.6081,173.802,1014.8061,0.7444,True
06535,Vogelsbergkreis,101163,1458.91,69.3415,West,06,347,26,14,71,256,339,0.5274,3.0,21.8287,4.0147,4.5754,9.7218,7.2021,15.6587,32.2616,343.0108,25.7011,317.3097,0.7552,False
06611,"Kassel, documenta-Stadt",197230,106.79,1846.8958,West,06,2188,332,468,199,1565,2142,0.6057,4.0,15.7603,5.2951,3.5934,14.5316,12.2873,22.3314,22.4599,1109.3647,168.3314,941.0333,0.7306,True
06631,Fulda,222283,1380.42,161.0256,West,06,761,75,96,120,553,750,0.4269,2.0,23.5787,3.5946,4.9039,7.5974,5.2356,12.8399,37.5655,342.3564,33.7408,308.6156,0.7373,False
06632,Hersfeld-Rotenburg,117414,1097.77,106.9568,West,06,233,32,5,38,177,231,0.4867,3.0,23.2214,4.1855,3.8283,7.2514,6.2469,22.1936,28.4165,198.4431,27.254,171.1891,0.7662,False
06633,Kassel,231073,1293.33,178.6652,West,06,586,51,28,95,404,573,0.3972,2.0,18.8965,4.753,3.8219,11.0116,8.6626,22.6424,26.1716,253.5995,22.0709,231.5286,0.7051,False
06634,Schwalm-Eder-Kreis,180071,1539.0,117.0052,West,06,413,32,26,63,295,406,0.5098,3.0,23.7502,4.2896,4.0588,7.8104,5.6728,22.4038,27.413,229.354,17.7708,211.5832,0.7266,False
06635,Waldeck-Frankenberg,155126,1848.7,83.9109,West,06,484,66,16,99,346,475,0.4911,3.0,22.0388,4.344,4.0091,8.2872,5.9667,22.6968,28.2821,312.0044,42.5461,269.4584,0.7284,False
06636,Werra-Meißner-Kreis,97695,1024.84,95.3271,West,06,321,29,26,37,230,316,0.5917,4.0,23.2214,4.1855,3.8283,7.2514,6.2469,22.1936,28.4165,328.5736,29.6842,298.8894,0.7278,False
07000,,0,6.2,0.0,West,07,0,0,0,0,0,0,,,,,,,,,,,,,,False
07111,"Koblenz, kreisfreie Stadt",113378,105.25,1077.2257,West,07,944,117,120,120,679,927,0.5402,3.0,16.4033,3.9993,4.7789,11.6334,7.6798,19.5113,31.4667,832.613,103.1946,729.4184,0.7325,True
07131,Ahrweiler,129353,787.06,164.3496,West,07,511,42,32,70,373,502,0.5126,3.0,18.3215,3.8673,4.766,9.9094,5.7156,17.915,34.8413,395.043,32.4693,362.5737,0.743,False
07132,Altenkirchen (Westerwald),132125,642.34,205.6932,West,07,316,28,15,53,240,309,0.6407,4.0,21.7494,4.6695,4.3956,8.1169,6.0563,18.4766,32.2603,239.1675,21.1921,217.9754,0.7767,False
07133,Bad Kreuznach,164748,863.89,190.7048,West,07,509,51,36,68,368,503,0.6314,4.0,22.3108,4.3251,4.4172,7.9544,5.9015,20.2758,30.3024,308.9567,30.9564,278.0003,0.7316,False
07134,Birkenfeld,82611,776.84,106.3424,West,07,95,8,8,15,65,91,0.7283,5.0,22.3108,4.3251,4.4172,7.9544,5.9015,20.2758,30.3024,114.9968,9.6839,105.3129,0.7143,False
07135,Cochem-Zell,61608,692.46,88.9698,West,07,179,19,9,27,139,177,0.6007,4.0,19.6292,3.9611,5.3256,7.731,5.2456,17.8045,34.9164,290.5467,30.8402,259.7065,0.7853,False
07137,Mayen-Koblenz,217228,817.66,265.6703,West,07,636,58,29,108,472,625,0.5481,3.0,17.5089,3.9232,4.7715,10.6396,6.5476,18.5912,33.4119,292.7799,26.7001,266.0799,0.7552,False
07138,Neuwied,189061,627.04,301.5135,West,07,612,62,31,93,452,599,0.5261,3.0,21.7494,4.6695,4.3956,8.1169,6.0563,18.4766,32.2603,323.705,32.7936,290.9114,0.7546,False
07140,Rhein-Hunsrück-Kreis,106705,991.07,107.6665,West,07,316,15,9,48,225,312,0.5384,3.0,19.6292,3.9611,5.3256,7.731,5.2456,17.8045,34.9164,296.1436,14.0574,282.0861,0.7212,False
07141,Rhein-Lahn-Kreis,125588,782.18,160.5615,West,07,417,30,21,79,300,410,0.594,4.0,19.1303,4.1508,4.6757,9.759,6.6725,18.6983,32.0697,332.0381,23.8876,308.1505,0.7317,False
07143,Westerwaldkreis,207803,989.04,210.1058,West,07,656,56,44,69,468,644,0.5571,4.0,21.0148,4.2555,4.6044,8.4637,5.9763,18.1364,32.4863,315.6836,26.9486,288.735,0.7267,False
07211,"Trier, kreisfreie Stadt",104342,117.06,891.3549,West,07,1636,284,487,146,1197,1606,0.6586,5.0,15.4542,4.3906,4.657,12.2073,7.6908,19.9552,30.6978,1567.9209,272.1819,1295.739,0.7453,True
07231,Bernkastel-Wittlich,113187,1167.9,96.915,West,07,313,33,13,58,238,308,0.593,4.0,18.7474,3.842,4.912,7.631,5.0983,17.3602,35.7795,276.5335,29.1553,247.3782,0.7727,False
07232,Eifelkreis Bitburg-Prüm,99788,1626.94,61.3348,West,07,260,25,13,54,201,259,0.6766,5.0,17.914,3.7293,4.5212,7.5365,4.959,16.9403,36.5952,260.5524,25.0531,235.4993,0.7761,False
07233,Vulkaneifel,59313,911.66,65.0604,West,07,138,19,3,23,106,133,0.5796,4.0,17.914,3.7293,4.5212,7.5365,4.959,16.9403,36.5952,232.664,32.0334,200.6306,0.797,False
07235,Trier-Saarburg,148953,1102.2,135.1415,West,07,435,32,17,76,329,424,0.6598,5.0,15.4542,4.3906,4.657,12.2073,7.6908,19.9552,30.6978,292.0384,21.4833,270.5551,0.7759,False
07311,"Frankenthal (Pfalz), kreisfreie Stadt",48140,43.88,1097.083,West,07,126,9,4,17,97,125,0.6548,5.0,23.4255,4.8736,4.3905,8.8943,6.827,19.4215,27.5129,261.7366,18.6955,243.0411,0.776,False
07312,"Kaiserslautern, kreisfreie Stadt",100426,139.7,718.869,West,07,358,28,49,30,246,351,0.7168,5.0,25.8665,4.9818,3.9263,8.2315,6.0631,20.5481,24.8988,356.4814,27.8812,328.6002,0.7009,False
07313,"Landau in der Pfalz, kreisfreie Stadt",48209,82.94,581.2515,West,07,1111,183,416,79,821,1087,0.5636,4.0,21.2041,4.3068,4.3029,11.0875,6.1345,17.1941,30.8429,2304.5489,379.5972,1924.9518,0.7553,True
07314,"Ludwigshafen am Rhein, kreisfreie Stadt",177222,77.43,2288.8028,West,07,451,60,38,57,313,440,0.6843,5.0,23.4255,4.8736,4.3905,8.8943,6.827,19.4215,27.5129,254.4831,33.8558,220.6272,0.7114,False
07315,"Mainz, kreisfreie Stadt",224684,97.73,2299.0279,West,07,4043,612,1132,372,2899,3980,0.3568,1.0,10.8065,3.3034,5.1183,20.6567,11.0682,18.5225,26.5662,1799.4161,272.3825,1527.0335,0.7284,True
07316,"Neustadt an der Weinstraße, kreisfreie Stadt",52945,117.09,452.1735,West,07,163,15,19,24,112,160,0.5246,3.0,20.3867,4.0695,4.8639,11.8071,5.5721,18.1255,30.3577,307.8667,28.3313,279.5354,0.7,False
07317,"Pirmasens, kreisfreie Stadt",39761,61.35,648.1011,West,07,101,11,7,19,70,100,0.9909,5.0,27.0803,5.015,4.1151,5.9105,4.7891,17.4134,30.2556,254.0178,27.6653,226.3525,0.7,False
07318,"Speyer, kreisfreie Stadt",49564,42.71,1160.4776,West,07,258,34,16,38,192,254,0.4716,3.0,20.3867,4.0695,4.8639,11.8071,5.5721,18.1255,30.3577,520.5391,68.5982,451.9409,0.7559,False
07319,"Worms, kreisfreie Stadt",86753,108.73,797.8755,West,07,247,26,23,44,184,246,0.7445,5.0,21.9262,3.9309,4.6644,10.679,6.3485,19.0943,28.8169,284.7164,29.9701,254.7462,0.748,False
07320,"Zweibrücken, kreisfreie Stadt",33323,70.64,471.7299,West,07,126,10,17,20,95,125,0.6385,4.0,27.0803,5.015,4.1151,5.9105,4.7891,17.4134,30.2556,378.1172,30.0093,348.1079,0.76,False
07331,Alzey-Worms,131238,588.07,223.1673,West,07,337,25,10,53,250,335,0.5294,3.0,21.9262,3.9309,4.6644,10.679,6.3485,19.0943,28.8169,256.7854,19.0494,237.736,0.7463,False
07332,Bad Dürkheim,134329,594.61,225.9111,West,07,515,44,32,71,356,504,0.5119,3.0,20.3867,4.0695,4.8639,11.8071,5.5721,18.1255,30.3577,383.3871,32.7554,350.6317,0.7063,False
07333,Donnersbergkreis,74783,645.42,115.8672,West,07,133,10,6,18,97,133,0.6377,4.0,25.8665,4.9818,3.9263,8.2315,6.0631,20.5481,24.8988,177.8479,13.372,164.4759,0.7293,False
07334,Germersheim,131383,463.32,283.5686,West,07,292,26,15,33,214,287,0.4461,2.0,21.2041,4.3068,4.3029,11.0875,6.1345,17.1941,30.8429,222.251,19.7895,202.4615,0.7456,False
07335,Kaiserslautern,106343,639.96,166.1713,West,07,164,12,10,34,125,161,0.6263,4.0,26.4948,4.999,4.0241,7.03,5.4036,18.9254,27.6718,154.218,11.2842,142.9337,0.7764,False
07336,Kusel,69334,573.61,120.8731,West,07,119,6,11,11,77,118,0.6567,5.0,25.8665,4.9818,3.9263,8.2315,6.0631,20.5481,24.8988,171.633,8.6538,162.9792,0.6525,False
07337,Südliche Weinstraße,113031,639.95,176.6247,West,07,374,46,19,48,271,370,0.4898,3.0,21.2041,4.3068,4.3029,11.0875,6.1345,17.1941,30.8429,330.8827,40.6968,290.1859,0.7324,False
07338,Rhein-Pfalz-Kreis,155882,305.01,511.0718,West,07,500,35,29,75,355,492,0.4341,2.0,22.2373,4.5592,4.5756,10.0332,6.3364,18.9148,28.6252,320.7554,22.4529,298.3026,0.7215,False
07339,Mainz-Bingen,206454,605.34,341.0546,West,07,988,73,72,115,706,973,0.2944,1.0,14.8468,3.5314,4.9534,17.0314,9.3533,18.7302,27.384,478.557,35.359,443.198,0.7256,False
07340,Südwestpfalz,89974,953.59,94.3529,West,07,189,10,12,29,142,186,0.5516,4.0,27.0803,5.015,4.1151,5.9105,4.7891,17.4134,30.2556,210.0607,11.1143,198.9464,0.7634,False
08111,"Stuttgart, Stadtkreis",612663,207.33,2955.0137,West,08,4701,465,680,399,3324,4608,0.2116,1.0,11.4422,4.0084,6.6012,21.6513,10.8518,15.5328,26.4524,767.306,75.8982,691.4078,0.7214,False
08115,Böblingen,395167,617.78,639.6565,West,08,1199,94,86,139,852,1189,0.1942,1.0,17.5378,4.0036,6.9886,13.9484,5.9738,14.4046,33.2065,303.416,23.7874,279.6286,0.7166,False
08116,Esslingen,536601,641.27,836.7786,West,08,1794,186,187,228,1332,1761,0.2717,1.0,17.109,3.7946,6.2438,14.2205,6.4099,14.7653,33.1511,334.3266,34.6626,299.664,0.7564,False
08117,Göppingen,258809,642.32,402.9284,West,08,490,42,36,74,354,477,0.4517,2.0,23.2654,4.3063,5.5402,9.4005,5.45,14.3619,33.4664,189.3288,16.2282,173.1006,0.7421,False
08118,Ludwigsburg,535374,686.76,779.5649,West,08,1682,108,192,165,1226,1660,0.2617,1.0,18.344,3.9007,6.3601,13.7056,6.212,14.8148,32.5182,314.1729,20.1728,294.0001,0.7386,False
08119,Rems-Murr-Kreis,440696,858.09,513.5778,West,08,1331,120,83,162,972,1311,0.3901,2.0,19.7711,3.9507,6.4294,12.2322,5.8171,14.4524,33.1345,302.0223,27.2297,274.7926,0.7414,False
08121,"Heilbronn, Stadtkreis",131986,99.89,1321.3134,West,08,403,35,35,58,303,395,0.4566,2.0,25.4532,4.3632,6.2174,9.4631,6.1621,14.3251,29.4313,305.3354,26.518,278.8175,0.7671,False
08125,Heilbronn,353877,1099.94,321.7239,West,08,819,54,32,120,606,808,0.3172,1.0,23.6858,4.176,6.2476,10.3786,5.8739,14.3666,30.7097,231.4363,15.2595,216.1768,0.75,False
08126,Hohenlohekreis,115644,776.75,148.8819,West,08,267,20,16,43,184,261,0.357,1.0,25.0917,4.3196,5.7195,9.7737,5.3211,13.2123,31.7901,230.881,17.2945,213.5865,0.705,False
08127,Schwäbisch Hall,200902,1484.07,135.3723,West,08,539,50,26,97,394,537,0.4205,2.0,25.0917,4.3196,5.7195,9.7737,5.3211,13.2123,31.7901,268.29,24.8878,243.4023,0.7337,False
08128,Main-Tauber-Kreis,133169,1304.12,102.1141,West,08,328,28,20,48,241,324,0.4162,2.0,23.5701,4.1669,4.7892,8.3854,4.8919,13.2509,36.3701,246.3036,21.0259,225.2777,0.7438,False
08135,Heidenheim,135235,627.12,215.6445,West,08,259,18,16,38,190,257,0.4559,2.0,23.0375,4.4124,4.8707,9.371,5.3997,14.0836,34.6796,191.5185,13.3102,178.2083,0.7393,False
08136,Ostalbkreis,317427,1511.38,210.0246,West,08,738,68,58,80,552,733,0.338,1.0,23.1425,4.3783,5.1041,9.9558,5.5732,13.9748,33.722,232.4944,21.4222,211.0722,0.7531,False
08211,"Baden-Baden, Stadtkreis",56881,140.19,405.7422,West,08,177,18,9,29,114,172,0.4002,2.0,22.5678,4.1004,4.9295,10.8466,5.3622,14.4554,33.3554,311.176,31.645,279.531,0.6628,False
08212,"Karlsruhe, Stadtkreis",309050,173.42,1782.0897,West,08,2976,259,579,267,2039,2904,0.3126,1.0,13.5113,3.7219,5.1583,24.0841,11.2008,15.5882,22.4284,962.951,83.8052,879.1458,0.7021,False
08215,Karlsruhe,456264,1084.97,420.5314,West,08,1430,105,81,200,1048,1402,0.3828,1.0,20.2196,4.0263,5.4386,12.4846,5.6386,14.7961,32.7899,313.415,23.013,290.402,0.7475,False
08216,Rastatt,230737,738.44,312.4655,West,08,544,27,36,70,398,536,0.402,2.0,22.5678,4.1004,4.9295,10.8466,5.3622,14.4554,33.3554,235.7663,11.7016,224.0646,0.7425,False
08221,"Heidelberg, Stadtkreis",155756,108.83,1431.1863,West,08,3319,561,1079,348,2410,3258,0.2239,1.0,12.0673,3.4392,5.6719,21.8579,10.1378,16.9892,26.2661,2130.897,360.1787,1770.7183,0.7397,True
08222,"Mannheim, Stadtkreis",318035,144.97,2193.7987,West,08,2634,342,489,266,1824,2586,0.4823,3.0,17.5568,4.6954,5.1479,16.0077,11.3024,18.182,23.1335,828.2107,107.5353,720.6754,0.7053,True
08225,Neckar-Odenwald-Kreis,145263,1125.95,129.0137,West,08,262,18,10,39,192,256,0.5257,3.0,23.5701,4.1669,4.7892,8.3854,4.8919,13.2509,36.3701,180.3625,12.3913,167.9712,0.75,False
08226,Rhein-Neckar-Kreis,558561,1061.54,526.1799,West,08,2287,226,181,323,1640,2249,0.3256,1.0,18.4886,3.9141,5.5687,14.8348,7.2941,15.8018,29.8835,409.445,40.4611,368.9839,0.7292,False
08231,"Pforzheim, Stadtkreis",134912,97.99,1376.7936,West,08,371,30,36,38,263,365,0.6931,5.0,25.3598,4.4196,6.2126,10.5209,5.3767,13.1671,30.4804,274.9941,22.2367,252.7574,0.7205,False
08235,Calw,161251,797.32,202.2413,West,08,388,32,33,70,287,384,0.4496,2.0,25.5561,4.0087,5.9396,8.8158,4.6978,12.2066,33.8247,240.6187,19.8448,220.7738,0.7474,False
08236,Enzkreis,199745,573.61,348.2244,West,08,480,28,21,66,350,472,0.3845,1.0,25.3598,4.4196,6.2126,10.5209,5.3767,13.1671,30.4804,240.3064,14.0179,226.2885,0.7415,False
08237,Freudenstadt,121958,870.41,140.1156,West,08,249,19,10,24,174,243,0.4322,2.0,25.5561,4.0087,5.9396,8.8158,4.6978,12.2066,33.8247,204.1686,15.5791,188.5895,0.716,False
08311,"Freiburg im Breisgau, Stadtkreis",237460,153.04,1551.6205,West,08,5535,899,1331,726,4078,5466,0.4188,2.0,10.3882,3.5121,4.2423,26.6129,13.9115,15.329,22.1975,2330.9189,378.5901,1952.3288,0.7461,True
08315,Breisgau-Hochschwarzwald,272558,1378.33,197.7451,West,08,1216,135,76,217,874,1185,0.4004,2.0,15.7075,3.9859,4.6946,18.772,8.9562,15.2571,28.0733,446.1436,49.5307,396.6128,0.7376,False
08316,Emmendingen,169787,679.81,249.7565,West,08,580,52,35,101,423,572,0.4129,2.0,19.4735,4.0327,4.6862,13.232,5.8897,15.5252,32.2224,341.6045,30.6266,310.9779,0.7395,False
08317,Ortenaukreis,444858,1860.3,239.1324,West,08,1131,105,88,155,801,1115,0.4661,2.0,21.1582,4.3627,5.0841,11.7104,5.7246,13.9819,33.1713,254.2384,23.603,230.6354,0.7184,False
08325,Rottweil,140237,769.43,182.2609,West,08,286,20,13,39,202,282,0.4223,2.0,27.0806,4.5231,6.0755,7.764,4.7053,10.7989,34.3573,203.9405,14.2616,189.6789,0.7163,False
08326,Schwarzwald-Baar-Kreis,214065,1025.34,208.7747,West,08,581,73,25,99,447,569,0.4702,2.0,23.7669,4.4665,5.2781,9.9013,5.0608,12.9104,34.0444,271.4129,34.1018,237.3111,0.7856,False
08327,Tuttlingen,145208,734.37,197.7314,West,08,280,22,26,28,208,274,0.4638,2.0,27.0806,4.5231,6.0755,7.764,4.7053,10.7989,34.3573,192.8268,15.1507,177.6762,0.7591,False
08335,Konstanz,291841,817.97,356.7869,West,08,1982,322,491,199,1448,1957,0.4926,3.0,18.3206,4.0806,5.7781,16.8372,7.4492,13.2974,30.1046,679.1369,110.3341,568.8029,0.7399,True
08336,Lörrach,238263,806.67,295.3661,West,08,674,54,36,116,507,664,0.548,3.0,18.1818,4.4682,4.9019,15.2319,6.773,15.9552,29.2404,282.8807,22.664,260.2167,0.7636,False
08337,Waldshut,171579,1131.17,151.6828,West,08,384,57,8,61,281,378,0.6162,4.0,19.0826,3.9759,4.9851,13.6696,5.6673,14.3436,33.6598,223.8036,33.2208,190.5828,0.7434,False
08415,Reutlingen,293483,1092.47,268.6417,West,08,861,83,69,144,629,844,0.3965,2.0,21.0113,4.5823,6.4402,12.2208,6.0551,13.1336,32.5847,293.373,28.281,265.092,0.7453,False
08416,Tübingen,233546,519.13,449.8796,West,08,2744,374,834,303,1979,2707,0.3209,1.0,16.1393,3.9876,5.0029,19.2131,9.6016,13.9432,28.5015,1174.9291,160.1398,1014.7894,0.7311,True
08417,Zollernalbkreis,193326,917.57,210.6935,West,08,392,29,28,53,290,388,0.4548,2.0,23.5292,4.163,5.3402,10.6593,6.1616,11.8223,34.386,202.7663,15.0006,187.7657,0.7474,False
08421,"Ulm, Stadtkreis",129882,118.68,1094.3883,West,08,1726,288,539,181,1228,1710,0.3245,1.0,19.2703,3.9034,5.1544,13.5703,6.4502,13.4725,33.9043,1328.8985,221.7397,1107.1588,0.7181,True
08425,Alb-Donau-Kreis,202354,1358.53,148.9507,West,08,403,26,29,57,285,397,0.3949,2.0,19.2703,3.9034,5.1544,13.5703,6.4502,13.4725,33.9043,199.1559,12.8488,186.3072,0.7179,False
08426,Biberach,207415,1409.5,147.155,West,08,502,49,29,81,365,495,0.3145,1.0,23.177,3.8199,5.077,9.7839,4.5191,10.401,38.28,242.0269,23.6241,218.4027,0.7374,False
08435,Bodenseekreis,220804,664.75,332.161,West,08,955,86,48,136,686,937,0.2579,1.0,18.9039,4.0523,5.7418,13.5493,5.543,13.0076,35.0411,432.5103,38.9486,393.5617,0.7321,False
08436,Ravensburg,291102,1632.07,178.3637,West,08,1172,161,54,206,856,1156,0.392,2.0,19.4511,4.1113,5.3857,12.8917,6.2744,11.5923,35.3569,402.608,55.3071,347.3009,0.7405,False
08437,Sigmaringen,132167,1204.23,109.7523,West,08,376,30,16,79,292,372,0.4929,3.0,25.0083,4.1979,5.5097,8.5375,5.0122,11.3742,36.2851,284.4886,22.6986,261.79,0.7849,False
09161,Ingolstadt,141185,133.35,1058.7552,West,09,614,61,68,83,445,605,0.173,1.0,21.4205,3.0163,3.7621,9.228,4.7394,10.1428,40.2624,434.8904,43.2057,391.6847,0.7355,False
09162,"München, Landeshauptstadt",1505005,310.7,4843.917,West,09,16196,2360,2164,1596,11554,15833,0.0482,1.0,9.3462,3.1174,6.127,23.5084,8.9004,15.3395,29.3811,1076.1426,156.8101,919.3325,0.7297,True
09163,"Rosenheim, Stadt",65274,37.22,1753.7346,West,09,638,130,61,86,460,624,0.4158,2.0,19.5925,3.0301,4.664,12.4517,5.0452,9.5888,37.5814,977.4183,199.1605,778.2578,0.7372,False
09171,Altötting,113938,569.28,200.144,West,09,351,38,16,62,245,346,0.3045,1.0,24.1792,3.3231,3.5607,7.8047,4.526,8.3738,39.6299,308.0623,33.3515,274.7108,0.7081,False
09172,Berchtesgadener Land,105292,839.85,125.37,West,09,328,54,19,66,254,327,0.4311,2.0,20.1245,3.4332,3.4245,10.2759,4.368,9.8387,38.8486,311.5146,51.2859,260.2287,0.7768,False
09173,Bad Tölz-Wolfratshausen,130248,1110.66,117.2708,West,09,744,78,37,118,561,735,0.2894,1.0,17.1667,2.734,5.3083,12.4362,4.0424,9.0727,41.8919,571.218,59.8858,511.3322,0.7633,False
09174,Dachau,153595,579.15,265.2076,West,09,600,62,38,63,438,593,0.2695,1.0,14.9917,2.6853,5.0353,13.966,5.3319,11.6306,39.6839,390.6377,40.3659,350.2718,0.7386,False
09175,Ebersberg,144225,549.39,262.5184,West,09,633,44,47,64,457,626,0.1813,1.0,16.5094,2.695,5.0483,13.0086,5.0512,10.0909,40.0673,438.8976,30.5079,408.3897,0.73,False
09176,Eichstätt,135668,1213.84,111.7676,West,09,495,33,135,42,366,490,0.2856,1.0,21.4205,3.0163,3.7621,9.228,4.7394,10.1428,40.2624,364.8613,24.3241,340.5372,0.7469,True
09177,Erding,140127,870.73,160.9305,West,09,488,35,45,75,364,481,0.288,1.0,16.5094,2.695,5.0483,13.0086,5.0512,10.0909,40.0673,348.2555,24.9773,323.2782,0.7568,False
09178,Freising,184564,799.84,230.7512,West,09,691,50,88,99,504,689,0.2363,1.0,19.0692,2.8548,4.3551,11.6177,5.2106,9.8973,38.4593,374.3959,27.0909,347.305,0.7315,False
09179,Fürstenfeldbruck,218227,434.82,501.8789,West,09,1134,70,72,152,823,1123,0.2438,1.0,14.7004,2.6842,5.1906,14.5097,5.3016,11.6069,39.4921,519.6424,32.0767,487.5657,0.7329,False
09180,Garmisch-Partenkirchen,89296,1012.18,88.2215,West,09,265,36,15,45,197,263,0.3576,1.0,16.9113,2.8131,4.7164,11.9298,4.7931,9.6895,41.6424,296.7658,40.3154,256.4505,0.749,False
09181,Landsberg am Lech,122107,804.35,151.8083,West,09,566,59,25,102,423,557,0.2635,1.0,13.4787,2.6794,5.8419,16.7903,5.1746,11.5071,38.6876,463.5279,48.3183,415.2096,0.7594,False
09182,Miesbach,97152,866.21,112.1576,West,09,396,37,18,57,292,395,0.2085,1.0,17.1667,2.734,5.3083,12.4362,4.0424,9.0727,41.8919,407.6087,38.0847,369.524,0.7392,False
09183,Mühldorf a.Inn,122037,805.37,151.5291,West,09,224,13,26,29,168,222,0.4117,2.0,24.1792,3.3231,3.5607,7.8047,4.526,8.3738,39.6299,183.5509,10.6525,172.8984,0.7568,False
09184,München,354396,664.26,533.52,West,09,1121,95,99,159,798,1099,0.0,1.0,11.7381,2.5674,6.3308,17.2318,5.0266,12.9921,39.048,316.3128,26.8062,289.5067,0.7261,False
09185,Neuburg-Schrobenhausen,99364,739.73,134.3247,West,09,246,17,19,45,183,244,0.37,1.0,20.6726,2.9649,3.9507,9.9881,4.8893,10.0647,39.6889,247.5746,17.1088,230.4658,0.75,False
09186,Pfaffenhofen a.d.Ilm,130781,761.04,171.8451,West,09,297,21,17,33,222,294,0.2904,1.0,19.0692,2.8548,4.3551,11.6177,5.2106,9.8973,38.4593,227.0972,16.0574,211.0398,0.7551,False
09187,Rosenheim,258637,1439.41,179.6826,West,09,946,141,44,160,707,936,0.3046,1.0,19.5925,3.0301,4.664,12.4517,5.0452,9.5888,37.5814,365.7636,54.5166,311.247,0.7553,False
09188,Starnberg,139329,487.71,285.68,West,09,703,95,40,109,540,692,0.0777,1.0,13.4787,2.6794,5.8419,16.7903,5.1746,11.5071,38.6876,504.5611,68.1839,436.3772,0.7803,False
09189,Traunstein,175144,1533.74,114.1941,West,09,599,75,31,117,441,593,0.3122,1.0,20.1245,3.4332,3.4245,10.2759,4.368,9.8387,38.8486,342.0043,42.8219,299.1824,0.7437,False
09190,Weilheim-Schongau,138957,966.26,143.8091,West,09,543,45,23,97,401,539,0.3128,1.0,16.9113,2.8131,4.7164,11.9298,4.7931,9.6895,41.6424,390.7684,32.3841,358.3842,0.744,False
09261,"Landshut, Stadt",71863,65.83,1091.6451,West,09,433,48,27,75,328,425,0.3656,1.0,22.3704,2.9376,3.7273,8.6983,4.6279,9.4586,36.2337,602.5354,66.7938,535.7416,0.7718,False
09262,"Passau, Stadt",53039,69.56,762.4928,West,09,388,37,107,36,297,385,0.4861,3.0,25.5149,3.4138,3.2746,6.8338,3.953,9.6749,38.582,731.5372,69.76,661.7772,0.7714,False
09263,Straubing,49002,67.59,724.9889,West,09,172,19,14,33,137,172,0.5887,4.0,27.7161,2.9357,3.0321,5.2904,3.4962,8.0142,39.2761,351.0061,38.7739,312.2322,0.7965,False
09271,Deggendorf,121844,861.15,141.4899,West,09,247,23,16,50,174,242,0.379,1.0,29.2518,2.954,3.1694,5.0734,3.0917,8.0755,38.4447,202.7182,18.8766,183.8416,0.719,False
09272,Freyung-Grafenau,78710,983.86,80.0012,West,09,127,15,9,26,96,126,0.4811,3.0,29.2518,2.954,3.1694,5.0734,3.0917,8.0755,38.4447,161.3518,19.0573,142.2945,0.7619,False
09273,Kelheim,126037,1065.11,118.3324,West,09,300,22,23,44,218,296,0.4089,2.0,22.3704,2.9376,3.7273,8.6983,4.6279,9.4586,36.2337,238.0253,17.4552,220.5702,0.7365,False
09274,Landshut,162170,1347.56,120.3434,West,09,322,19,10,55,217,321,0.3237,1.0,22.6728,2.9359,3.6679,8.4377,4.5362,9.3114,36.414,198.5571,11.7161,186.841,0.676,False
09275,Passau,194699,1530.07,127.2484,West,09,275,27,13,47,204,274,0.4772,3.0,25.7839,3.3807,3.267,6.7071,3.891,9.5598,38.5721,141.2437,13.8676,127.3761,0.7445,False
09276,Regen,77267,974.77,79.2669,West,09,125,14,5,17,94,125,0.483,3.0,27.7161,2.9357,3.0321,5.2904,3.4962,8.0142,39.2761,161.7767,18.119,143.6577,0.752,False
09277,Rottal-Inn,120497,1281.21,94.0494,West,09,217,19,14,36,162,215,0.4446,2.0,26.0718,2.9165,3.0002,5.5092,3.506,7.6578,38.4399,180.0875,15.768,164.3194,0.7535,False
09278,Straubing-Bogen,103041,1201.62,85.7517,West,09,114,5,10,16,78,110,0.4321,2.0,27.7161,2.9357,3.0321,5.2904,3.4962,8.0142,39.2761,110.6356,4.8524,105.7831,0.7091,False
09279,Dingolfing-Landau,101035,877.58,115.1291,West,09,148,16,9,19,100,146,0.3207,1.0,26.0718,2.9165,3.0002,5.5092,3.506,7.6578,38.4399,146.4839,15.8361,130.6478,0.6849,False
09361,Amberg,42553,50.14,848.6837,West,09,192,20,15,30,124,189,0.5096,3.0,22.0674,2.8032,3.293,7.7021,4.4009,10.6653,40.0781,451.202,47.0002,404.2018,0.6561,False
09362,"Regensburg, Stadt",151389,80.86,1872.236,West,09,2499,258,732,303,1849,2469,0.2673,1.0,18.7468,2.9546,3.5009,13.3575,6.9769,11.1279,35.6755,1650.7144,170.4219,1480.2925,0.7489,True
09363,Weiden i.d.OPf.,42444,70.57,601.4454,West,09,144,17,1,19,95,140,0.5586,4.0,24.2918,2.5857,3.0587,5.8132,3.9358,11.6821,40.4025,339.2706,40.0528,299.2178,0.6786,False
09371,Amberg-Sulzbach,103982,1255.82,82.8001,West,09,182,11,13,22,134,180,0.3942,2.0,22.0674,2.8032,3.293,7.7021,4.4009,10.6653,40.0781,175.0303,10.5788,164.4515,0.7444,False
09372,Cham,128534,1526.83,84.1836,West,09,216,27,7,35,154,216,0.4398,2.0,28.168,2.4904,2.6703,4.9715,3.28,9.2732,39.2632,168.0489,21.0061,147.0428,0.713,False
09373,Neumarkt i.d.OPf.,138693,1343.94,103.1988,West,09,405,22,27,69,292,402,0.3385,1.0,22.0674,2.8032,3.293,7.7021,4.4009,10.6653,40.0781,292.0119,15.8624,276.1495,0.7264,False
09374,Neustadt a.d.Waldnaab,96049,1425.81,67.3645,West,09,180,11,13,40,141,177,0.466,2.0,24.2918,2.5857,3.0587,5.8132,3.9358,11.6821,40.4025,187.4043,11.4525,175.9519,0.7966,False
09375,Regensburg,196213,1391.69,140.989,West,09,477,39,30,79,334,473,0.3089,1.0,19.1091,2.9368,3.469,13.035,6.8347,11.0566,35.8134,243.1032,19.8764,223.2268,0.7061,False
09376,Schwandorf,149312,1458.35,102.3842,West,09,305,22,21,56,226,302,0.4249,2.0,28.168,2.4904,2.6703,4.9715,3.28,9.2732,39.2632,204.2703,14.7342,189.536,0.7483,False
09377,Tirschenreuth,72210,1084.24,66.5996,West,09,137,13,7,31,101,137,0.4148,2.0,24.2918,2.5857,3.0587,5.8132,3.9358,11.6821,40.4025,189.7244,18.003,171.7214,0.7372,False
09461,"Bamberg, Stadt",77150,54.62,1412.4863,West,09,1629,233,412,132,1221,1614,0.387,2.0,19.3347,2.9447,3.9308,12.5605,6.5208,11.3203,36.9939,2111.4712,302.0091,1809.4621,0.7565,True
09462,"Bayreuth, Stadt",72940,66.89,1090.447,West,09,589,60,137,76,421,584,0.4457,2.0,19.963,2.978,3.7305,9.8405,5.6889,12.2702,38.4988,807.513,82.2594,725.2536,0.7209,False
09463,"Coburg, Stadt",41064,48.29,850.3624,West,09,322,31,48,38,247,319,0.3392,1.0,22.2216,3.3764,3.2221,7.4846,5.4293,14.3418,37.1854,784.1418,75.4919,708.6499,0.7743,False
09464,"Hof, Stadt",46778,58.02,806.2392,West,09,166,14,14,21,124,166,0.6715,5.0,24.2694,3.5968,3.1248,6.048,5.3154,13.5044,37.9576,354.8677,29.9286,324.9391,0.747,False
09471,Bamberg,147777,1167.78,126.5452,West,09,434,26,23,78,307,430,0.4224,2.0,21.3381,2.959,3.5817,9.9149,5.4721,11.0948,38.6109,293.6858,17.5941,276.0917,0.714,False
09472,Bayreuth,103215,1275.51,80.9206,West,09,233,20,11,32,165,229,0.396,2.0,19.963,2.978,3.7305,9.8405,5.6889,12.2702,38.4988,225.7424,19.377,206.3654,0.7205,False
09473,Coburg,84468,590.41,143.0667,West,09,218,17,8,23,155,216,0.45,2.0,22.2216,3.3764,3.2221,7.4846,5.4293,14.3418,37.1854,258.0859,20.126,237.9599,0.7176,False
09474,Forchheim,116184,642.82,180.7411,West,09,495,37,34,80,362,493,0.2934,1.0,19.4893,2.9529,3.8815,11.8911,6.316,11.5541,37.3643,426.0483,31.846,394.2023,0.7343,False
09475,Hof,92191,892.56,103.2883,West,09,209,21,8,22,151,207,0.4392,2.0,24.2079,3.5902,3.1277,6.0911,5.3188,13.5296,37.9344,226.7033,22.7788,203.9245,0.7295,False
09476,Kronach,64545,651.5,99.0714,West,09,175,8,8,36,116,171,0.4454,2.0,22.2216,3.3764,3.2221,7.4846,5.4293,14.3418,37.1854,271.1287,12.3945,258.7342,0.6784,False
09477,Kulmbach,71518,658.31,108.6388,West,09,207,18,10,36,157,206,0.3855,2.0,23.384,2.9736,3.2252,7.2132,4.4012,10.8644,40.2623,289.4376,25.1685,264.2691,0.7621,False
09478,Lichtenfels,67379,519.92,129.5949,West,09,191,14,16,25,143,190,0.4661,2.0,23.384,2.9736,3.2252,7.2132,4.4012,10.8644,40.2623,283.4711,20.778,262.6931,0.7526,False
09479,Wunsiedel i.Fichtelgebirge,70549,606.36,116.3484,West,09,116,12,6,21,78,112,0.4704,3.0,24.2694,3.5968,3.1248,6.048,5.3154,13.5044,37.9576,164.4247,17.0095,147.4153,0.6964,False
09561,"Ansbach, Stadt",40742,99.91,407.787,West,09,219,35,15,29,155,215,0.4873,3.0,21.5328,3.6429,3.3393,9.4573,4.9929,12.1149,37.2803,537.5288,85.9064,451.6224,0.7209,False
09562,Erlangen,115928,76.96,1506.341,West,09,1781,216,511,247,1253,1751,0.1268,1.0,14.5263,2.9641,4.2589,18.0108,7.1395,13.8724,33.741,1536.2984,186.3225,1349.9758,0.7156,True
09563,"Fürth, Stadt",132036,63.35,2084.2305,West,09,934,103,71,127,699,917,0.4174,2.0,18.8439,3.5644,3.8975,12.436,6.7949,14.1672,34.3687,707.3828,78.009,629.3738,0.7623,False
09564,Nürnberg,529508,186.44,2840.0987,West,09,4613,488,599,512,3343,4534,0.4421,2.0,15.4851,4.0526,4.0007,15.9679,10.9245,15.4815,29.4497,871.1861,92.161,779.0251,0.7373,False
09565,Schwabach,40835,40.8,1000.8578,West,09,220,29,14,26,167,216,0.3725,1.0,19.7592,4.4607,3.5778,11.2102,8.5814,15.2882,32.2548,538.7535,71.0175,467.736,0.7731,False
09571,Ansbach,187633,1971.3,95.1824,West,09,469,31,36,80,327,465,0.4383,2.0,21.5328,3.6429,3.3393,9.4573,4.9929,12.1149,37.2803,249.956,16.5216,233.4344,0.7032,False
09572,Erlangen-Höchstadt,138325,564.52,245.0312,West,09,659,54,37,102,465,653,0.1848,1.0,14.5263,2.9641,4.2589,18.0108,7.1395,13.8724,33.741,476.4142,39.0385,437.3757,0.7121,False
09573,Fürth,117719,307.44,382.9007,West,09,485,36,32,67,348,477,0.3336,1.0,18.8439,3.5644,3.8975,12.436,6.7949,14.1672,34.3687,411.9981,30.5813,381.4168,0.7296,False
09574,Nürnberger Land,168813,799.52,211.1429,West,09,647,51,29,88,475,643,0.3178,1.0,18.0315,2.9903,3.8068,12.149,5.4068,13.3924,37.7556,383.2643,30.2109,353.0534,0.7387,False
09575,Neustadt a.d.Aisch-Bad Windsheim,101043,1267.45,79.7215,West,09,297,31,18,53,219,293,0.4486,2.0,18.5178,3.5191,3.9248,12.8571,6.8209,14.1449,34.3213,293.9343,30.68,263.2543,0.7474,False
09576,Roth,128632,895.15,143.6988,West,09,443,18,25,65,316,441,0.345,1.0,18.0315,2.9903,3.8068,12.149,5.4068,13.3924,37.7556,344.3933,13.9934,330.3999,0.7166,False
09577,Weißenburg-Gunzenhausen,94695,970.79,97.5443,West,09,207,12,21,32,148,203,0.474,3.0,21.5328,3.6429,3.3393,9.4573,4.9929,12.1149,37.2803,218.5965,12.6723,205.9243,0.7291,False
09661,"Aschaffenburg, Stadt",73091,62.45,1170.3923,West,09,507,49,39,70,383,501,0.4416,2.0,19.0267,3.2397,4.4203,11.1584,6.0007,12.7414,38.0443,693.6559,67.0397,626.6161,0.7645,False
09662,"Schweinfurt, Stadt",54481,35.7,1526.0784,West,09,214,17,10,37,162,210,0.5063,3.0,21.1268,3.2528,3.5758,9.1056,5.2,11.487,39.4031,392.7975,31.2035,361.594,0.7714,False
09663,"Würzburg, Stadt",133258,87.6,1521.21,West,09,3018,383,993,330,2266,2975,0.3465,1.0,13.5254,2.7774,4.3603,16.4148,8.202,13.468,35.7947,2264.7796,287.4124,1977.3672,0.7617,True
09671,Aschaffenburg,170945,698.89,244.595,West,09,524,23,21,80,373,521,0.3341,1.0,19.0267,3.2397,4.4203,11.1584,6.0007,12.7414,38.0443,306.5313,13.4546,293.0767,0.7159,False
09672,Bad Kissingen,103489,1136.9,91.0274,West,09,308,55,14,56,225,306,0.4184,2.0,23.0395,2.9372,3.5934,7.407,4.5927,9.6613,41.7622,297.6162,53.1457,244.4704,0.7353,False
09673,Rhön-Grabfeld,79375,1021.71,77.6884,West,09,172,17,0,30,128,172,0.3305,1.0,23.0395,2.9372,3.5934,7.407,4.5927,9.6613,41.7622,216.6929,21.4173,195.2756,0.7442,False
09674,Haßberge,83869,956.19,87.7116,West,09,280,10,7,51,203,279,0.4298,2.0,23.0395,2.9372,3.5934,7.407,4.5927,9.6613,41.7622,333.854,11.9234,321.9306,0.7276,False
09675,Kitzingen,91287,684.17,133.4274,West,09,269,13,15,38,191,264,0.386,2.0,21.1268,3.2528,3.5758,9.1056,5.2,11.487,39.4031,294.675,14.2408,280.4342,0.7235,False
09676,Miltenberg,127547,715.56,178.2478,West,09,352,21,10,47,253,349,0.4536,2.0,19.3127,3.1525,3.5582,8.9098,4.8955,12.465,41.1096,275.9767,16.4645,259.5122,0.7249,False
09677,Main-Spessart,125282,1321.19,94.8251,West,09,342,14,17,51,240,338,0.3054,1.0,19.3127,3.1525,3.5582,8.9098,4.8955,12.465,41.1096,272.9841,11.1748,261.8094,0.7101,False
09678,Schweinfurt,113977,841.39,135.4627,West,09,233,13,9,38,170,232,0.408,2.0,21.1268,3.2528,3.5758,9.1056,5.2,11.487,39.4031,204.4272,11.4058,193.0214,0.7328,False
09679,Würzburg,162216,968.33,167.5214,West,09,655,53,46,114,477,650,0.3312,1.0,13.5254,2.7774,4.3603,16.4148,8.202,13.468,35.7947,403.7826,32.6725,371.1101,0.7338,False
09761,"Augsburg, Stadt",301105,146.85,2050.4256,West,09,2426,229,304,306,1741,2389,0.453,2.0,17.5026,3.9511,4.1178,16.4752,10.5506,13.4126,28.407,805.699,76.0532,729.6458,0.7288,False
09762,Kaufbeuren,46193,40.02,1154.2479,West,09,234,20,14,52,168,230,0.5258,3.0,20.1683,3.1455,3.8096,10.0149,4.7377,9.3046,40.1013,506.5703,43.2966,463.2737,0.7304,False
09763,Kempten (Allgäu),67645,63.28,1068.9791,West,09,407,57,31,64,290,401,0.4257,2.0,17.5112,3.3113,4.3025,12.3578,5.244,10.533,37.9755,601.6705,84.2634,517.4071,0.7232,False
09764,Memmingen,44192,70.11,630.3238,West,09,147,25,8,18,109,145,0.4562,2.0,23.4017,3.0273,4.1217,8.3425,4.4393,9.0485,39.0938,332.6394,56.5713,276.0681,0.7517,False
09771,Aichach-Friedberg,136803,780.24,175.3345,West,09,373,29,18,51,282,370,0.3415,1.0,20.0067,2.9626,3.9453,10.297,4.6253,10.4421,40.0131,272.6548,21.1984,251.4565,0.7622,False
09772,Augsburg,262811,1070.75,245.4457,West,09,811,61,34,135,604,807,0.3535,1.0,19.9011,2.9735,3.9862,10.6041,4.7587,10.368,39.7128,308.5868,23.2106,285.3762,0.7485,False
09773,Dillingen a.d.Donau,98899,792.23,124.8362,West,09,195,9,7,37,138,193,0.4197,2.0,22.6279,3.0524,3.7301,7.2825,3.8394,9.3549,41.2377,197.1709,9.1002,188.0707,0.715,False
09774,Günzburg,129846,762.42,170.3077,West,09,265,20,14,47,197,264,0.4228,2.0,23.2239,3.6864,4.1335,8.9549,5.241,10.7458,37.0379,204.0879,15.4029,188.6851,0.7462,False
09775,Neu-Ulm,183595,515.84,355.9146,West,09,477,62,44,55,345,468,0.3523,1.0,23.2239,3.6864,4.1335,8.9549,5.241,10.7458,37.0379,259.811,33.77,226.041,0.7372,False
09776,Lindau (Bodensee),82411,323.38,254.8426,West,09,387,53,13,75,296,385,0.334,1.0,17.5112,3.3113,4.3025,12.3578,5.244,10.533,37.9755,469.5975,64.3118,405.2857,0.7688,False
09777,Ostallgäu,142047,1394.43,101.8674,West,09,545,54,25,101,394,541,0.3046,1.0,20.1683,3.1455,3.8096,10.0149,4.7377,9.3046,40.1013,383.6758,38.0156,345.6602,0.7283,False
09778,Unterallgäu,147255,1229.55,119.7633,West,09,308,36,17,50,223,303,0.3028,1.0,23.4017,3.0273,4.1217,8.3425,4.4393,9.0485,39.0938,209.161,24.4474,184.7136,0.736,False
09779,Donau-Ries,135098,1274.57,105.995,West,09,300,15,6,44,225,298,0.3056,1.0,22.6279,3.0524,3.7301,7.2825,3.8394,9.3549,41.2377,222.061,11.1031,210.958,0.755,False
09780,Oberallgäu,155413,1527.97,101.7121,West,09,458,80,13,76,337,453,0.3204,1.0,17.5112,3.3113,4.3025,12.3578,5.244,10.533,37.9755,294.6986,51.4757,243.2229,0.7439,False
10041,Regionalverband Saarbrücken,333149,410.95,810.6801,West,10,2123,318,387,218,1551,2098,0.6898,5.0,20.5596,6.2189,4.3413,9.2603,9.2302,22.0528,23.7613,637.2524,95.4528,541.7996,0.7393,True
10042,Merzig-Wadern,108779,557.11,195.2559,West,10,260,21,13,45,186,257,0.6838,5.0,21.7132,6.7694,4.4498,6.2465,6.7651,21.2639,28.2528,239.0167,19.3052,219.7115,0.7237,False
10043,Neunkirchen,133179,249.8,533.1425,West,10,213,13,11,31,142,213,0.7303,5.0,22.021,5.7443,4.138,6.37,6.3233,22.1272,28.4628,159.9351,9.7613,150.1738,0.6667,False
10044,Saarlouis,205129,459.36,446.5539,West,10,582,49,38,94,427,578,0.6052,4.0,21.521,6.5662,4.3736,6.2387,6.6254,21.4445,28.6502,283.7239,23.8874,259.8365,0.7388,False
10045,Saarpfalz-Kreis,144092,418.28,344.4869,West,10,566,60,91,93,402,559,0.498,3.0,23.7277,5.7681,4.2429,6.5856,6.6865,22.043,26.05,392.8046,41.6401,351.1645,0.7191,False
10046,St. Wendel,87813,476.51,184.2836,West,10,306,25,16,53,225,304,0.5142,3.0,20.7263,5.7262,4.0584,6.2064,6.0477,22.191,30.293,348.4678,28.4696,319.9982,0.7401,False
11000,"Berlin, Stadt",3685265,891.12,4135.5429,Berlin,11,41208,6478,5479,3806,28891,40057,0.4981,3.0,15.2339,6.6504,3.7997,16.8263,19.8623,15.1412,18.2659,1118.1828,175.7811,942.4017,0.7212,True
12051,"Brandenburg an der Havel, Stadt",74113,229.73,322.6091,Ost,12,308,38,27,42,232,302,0.7353,5.0,31.4089,10.1622,2.8936,6.0047,10.7744,17.2081,18.3475,415.5816,51.2731,364.3086,0.7682,False
12052,"Cottbus, Stadt",95123,165.61,574.3796,Ost,12,476,51,18,81,333,473,0.5882,4.0,39.0492,11.517,3.2335,4.0143,9.2416,13.9636,15.9293,500.4047,53.6148,446.7899,0.704,False
12053,"Frankfurt (Oder), Stadt",57107,147.85,386.2496,Ost,12,142,14,8,27,102,141,0.6862,5.0,35.4215,12.5995,3.1457,4.7538,10.6079,13.5653,16.6403,248.656,24.5154,224.1406,0.7234,False
12054,"Potsdam, Stadt",184754,188.24,981.4811,Ost,12,2087,291,446,192,1495,2063,0.4,2.0,18.4947,8.3442,4.3078,14.5845,14.7303,17.05,19.1804,1129.6102,157.5067,972.1034,0.7247,True
12060,Barnim,194169,1479.6,131.2307,Ost,12,700,54,75,102,492,691,0.5478,3.0,34.9614,12.364,2.7677,5.2971,11.117,13.4849,16.4673,360.5107,27.8108,332.6999,0.712,False
12061,Dahme-Spreewald,178793,2274.52,78.6069,Ost,12,532,52,25,73,392,526,0.4665,2.0,32.1008,10.2323,3.4964,6.2358,10.2333,14.7018,19.6042,297.5508,29.0839,268.4669,0.7452,False
12062,Elbe-Elster,97967,1899.17,51.5841,Ost,12,165,13,3,27,118,165,0.6343,4.0,40.9481,11.7256,3.0812,2.7965,8.7208,12.5024,16.5103,168.4241,13.2698,155.1543,0.7152,False
12063,Havelland,170834,1727.32,98.9012,Ost,12,461,31,34,71,332,445,0.5918,4.0,31.2197,9.4327,3.2447,7.0848,9.7316,15.8728,20.1356,269.8526,18.1463,251.7063,0.7461,False
12064,Märkisch-Oderland,197817,2158.67,91.6384,Ost,12,519,40,20,75,374,505,0.5728,4.0,33.8275,12.3209,2.8937,5.8036,11.2793,13.1033,16.8895,262.3637,20.2207,242.143,0.7406,False
12065,Oberhavel,217690,1808.24,120.3878,Ost,12,617,59,50,78,447,604,0.5213,3.0,29.3295,8.7508,3.6117,8.3968,9.3413,15.3772,21.7272,283.4306,27.1028,256.3278,0.7401,False
12066,Oberspreewald-Lausitz,107793,1223.46,88.105,Ost,12,186,11,6,44,146,184,0.623,4.0,40.9481,11.7256,3.0812,2.7965,8.7208,12.5024,16.5103,172.5529,10.2047,162.3482,0.7935,False
12067,Oder-Spree,179817,2256.79,79.6782,Ost,12,476,49,20,82,349,463,0.5481,3.0,35.4215,12.5995,3.1457,4.7538,10.6079,13.5653,16.6403,264.7136,27.2499,237.4636,0.7538,False
12068,Ostprignitz-Ruppin,99152,2526.37,39.2468,Ost,12,280,51,45,45,204,272,0.6952,5.0,36.5559,10.6601,2.5403,4.382,9.7744,15.9155,17.3605,282.3947,51.4362,230.9585,0.75,False
12069,Potsdam-Mittelmark,221268,2592.03,85.3648,Ost,12,950,102,73,114,670,930,0.4328,2.0,25.6826,9.3561,3.5207,9.8091,12.5285,17.138,18.7168,429.3436,46.0979,383.2457,0.7204,False
12070,Prignitz,75595,2138.59,35.3481,Ost,12,103,12,3,14,81,102,0.7432,5.0,36.5559,10.6601,2.5403,4.382,9.7744,15.9155,17.3605,136.2524,15.8741,120.3783,0.7941,False
12071,Spree-Neiße,109635,1657.0,66.1648,Ost,12,209,17,10,21,151,208,0.5921,4.0,39.0492,11.517,3.2335,4.0143,9.2416,13.9636,15.9293,190.6326,15.506,175.1266,0.726,False
12072,Teltow-Fläming,177688,2104.19,84.4448,Ost,12,448,56,19,61,341,440,0.5498,3.0,29.7778,9.9126,3.5676,7.5927,11.0337,15.352,19.4028,252.1273,31.5159,220.6114,0.775,False
12073,Uckermark,117432,3077.04,38.1639,Ost,12,174,20,3,29,124,174,0.7357,5.0,35.9813,12.4027,2.6543,4.8416,10.971,13.8281,16.0876,148.1709,17.0311,131.1397,0.7126,False
13000,,0,1.0,0.0,Ost,13,0,0,0,0,0,0,,,,,,,,,,,,,,False
13003,Rostock,205307,181.38,1131.9164,Ost,13,1486,171,211,185,1053,1460,0.6046,4.0,25.6218,9.9,3.4024,8.9479,17.2694,14.2501,16.8015,723.7941,83.2899,640.5042,0.7212,True
13004,Schwerin,98308,130.52,753.2026,Ost,13,484,56,17,74,351,473,0.6857,5.0,32.2578,10.3583,3.2936,5.5714,11.4773,14.4892,18.8993,492.3302,56.9638,435.3664,0.7421,False
13071,Mecklenburgische Seenplatte,246318,5495.41,44.8225,Ost,13,624,64,32,94,457,615,0.6929,5.0,41.0216,11.2432,3.0034,3.1569,9.9725,10.7656,17.6641,253.3311,25.9827,227.3484,0.7431,False
13072,Landkreis Rostock,218721,3431.05,63.7475,Ost,13,521,40,20,99,369,514,0.5951,4.0,34.0721,10.6042,3.0987,5.4875,12.6006,13.0182,17.6847,238.203,18.2881,219.9149,0.7179,False
13073,Vorpommern-Rügen,215203,3215.7,66.9226,Ost,13,507,69,27,89,357,504,0.7085,5.0,35.4707,10.1429,3.3525,6.1955,12.5423,10.3466,17.6535,235.5915,32.0628,203.5288,0.7083,False
13074,Nordwestmecklenburg,156692,2127.11,73.6643,Ost,13,350,27,15,60,255,347,0.6398,4.0,33.9759,10.4947,3.1224,5.0368,10.9624,14.3108,18.5781,223.3681,17.2313,206.1369,0.7349,False
13075,Vorpommern-Greifswald,224956,3946.14,57.0066,Ost,13,1202,166,280,179,874,1181,0.7194,5.0,40.6511,11.0208,3.2086,3.833,10.3959,9.9443,17.4127,534.3267,73.7922,460.5345,0.7401,True
13076,Ludwigslust-Parchim,208092,4766.59,43.6564,Ost,13,379,26,10,67,282,368,0.6581,5.0,33.3341,10.4438,3.1863,5.2365,11.1547,14.3774,18.6981,182.131,12.4945,169.6365,0.7663,False
14511,"Chemnitz, Stadt",245618,221.03,1111.2428,Ost,14,1540,200,264,168,1063,1522,0.6397,4.0,32.6647,10.7544,3.1367,6.6415,12.2361,11.0851,19.4143,626.9899,81.4273,545.5626,0.6984,True
14521,Erzgebirgskreis,318394,1827.89,174.1866,Ost,14,498,26,19,107,372,495,0.5832,4.0,44.9529,9.9905,3.0008,2.4808,7.1749,7.063,20.7685,156.41,8.166,148.244,0.7515,False
14522,Mittelsachsen,296431,2116.82,140.036,Ost,14,561,45,38,94,395,554,0.5776,4.0,42.9461,9.6614,3.1709,3.4504,7.9578,7.7733,20.7463,189.2515,15.1806,174.0709,0.713,False
14523,Vogtlandkreis,219100,1412.43,155.1227,Ost,14,516,46,14,90,366,510,0.6212,4.0,40.6027,11.0533,2.9106,3.1529,7.7704,8.8029,21.6064,235.5089,20.995,214.5139,0.7176,False
14524,Zwickau,306793,949.76,323.0216,Ost,14,855,73,42,153,633,843,0.5656,4.0,40.6951,10.2434,3.0428,3.2696,8.3637,8.8355,21.2614,278.6895,23.7945,254.895,0.7509,False
14612,"Dresden, Stadt",564904,328.48,1719.7516,Ost,14,6626,893,1098,774,4612,6532,0.4416,2.0,27.957,8.1183,3.7077,12.6323,14.7938,9.235,19.012,1172.9427,158.08,1014.8627,0.7061,True
14625,Bautzen,292608,2395.6,122.1439,Ost,14,611,44,22,100,452,605,0.551,4.0,43.4282,8.948,3.1794,4.4261,8.9649,6.7602,19.7466,208.8118,15.0372,193.7746,0.7471,False
14626,Görlitz,243958,2111.41,115.5427,Ost,14,535,51,40,99,390,530,0.6825,5.0,46.6773,8.9801,2.9128,3.352,7.7303,6.3759,19.7525,219.3,20.9052,198.3948,0.7358,False
14627,Meißen,239221,1454.59,164.4594,Ost,14,619,54,23,90,456,611,0.5288,3.0,43.6205,8.875,3.7885,4.563,7.8317,7.0566,19.9589,258.7565,22.5733,236.1833,0.7463,False
14628,Sächsische Schweiz-Osterzgebirge,243996,1654.23,147.4982,Ost,14,584,44,31,93,412,578,0.5691,4.0,46.5283,9.1853,3.2431,3.9632,7.3493,5.9624,19.3329,239.3482,18.0331,221.3151,0.7128,False
14713,"Leipzig, Stadt",611850,297.8,2054.5668,Ost,14,10254,1261,1919,1153,7269,10071,0.5449,3.0,21.8677,7.4106,3.1609,13.6061,22.5271,10.6781,16.5645,1675.901,206.0963,1469.8047,0.7218,True
14729,Leipzig,260127,1651.27,157.5315,Ost,14,680,63,25,133,471,671,0.5417,3.0,38.4782,8.5921,3.4198,4.5969,8.765,8.82,22.2649,261.4108,24.2189,237.1918,0.7019,False
14730,Nordsachsen,199422,2028.55,98.3077,Ost,14,328,31,12,46,231,325,0.6063,4.0,42.7682,8.6828,3.1828,3.4176,7.9974,8.3774,20.7617,164.4753,15.5449,148.9304,0.7108,False
15001,"Dessau-Roßlau, Stadt",75402,245.78,306.7866,Ost,15,283,21,9,49,210,280,0.681,5.0,37.453,10.8278,2.9213,3.9018,9.5154,10.5033,21.4716,375.3216,27.8507,347.4709,0.75,False
15002,"Halle (Saale), Stadt",226767,135.56,1672.8165,Ost,15,2518,249,671,316,1779,2477,0.773,5.0,28.6438,10.1847,3.517,8.8125,15.3473,12.07,18.0708,1110.3908,109.8043,1000.5865,0.7182,True
15003,"Magdeburg, Landeshauptstadt",244329,201.68,1211.4687,Ost,15,1852,291,397,190,1310,1820,0.6832,5.0,30.3815,11.2338,3.0197,7.0838,13.4067,12.6222,18.5912,757.9943,119.1017,638.8926,0.7198,True
15081,Altmarkkreis Salzwedel,79980,2304.45,34.7068,Ost,15,267,25,7,43,190,266,0.6872,5.0,37.352,11.619,3.0305,3.3398,10.5257,11.6614,19.2836,333.8335,31.2578,302.5756,0.7143,False
15082,Anhalt-Bitterfeld,153035,1461.44,104.7152,Ost,15,355,15,9,59,255,352,0.7088,5.0,38.1292,11.0014,3.1162,4.1092,10.164,10.4103,19.9311,231.9731,9.8017,222.1714,0.7244,False
15083,Börde,167924,2376.86,70.6495,Ost,15,306,36,15,44,218,298,0.586,4.0,41.5241,11.2806,2.9249,2.6408,9.0801,10.4006,19.1481,182.2253,21.4383,160.787,0.7315,False
15084,Burgenlandkreis,173684,1419.91,122.3204,Ost,15,293,35,10,58,223,292,0.7091,5.0,42.3366,11.5884,3.2826,2.9344,8.6572,9.0707,18.8142,168.6972,20.1515,148.5456,0.7637,False
15085,Harz,205484,2110.4,97.3673,Ost,15,583,65,37,105,423,573,0.6532,5.0,36.9646,11.7522,2.7339,3.8332,10.134,11.5154,19.5679,283.7204,31.6326,252.0878,0.7382,False
15086,Jerichower Land,88509,1589.39,55.6874,Ost,15,236,26,9,41,179,235,0.6642,5.0,37.352,11.619,3.0305,3.3398,10.5257,11.6614,19.2836,266.6396,29.3755,237.264,0.7617,False
15087,Mansfeld-Südharz,129029,1456.33,88.5987,Ost,15,158,11,5,31,124,158,0.8037,5.0,43.0676,11.5963,3.2359,2.4583,8.9623,9.5834,18.4399,122.4531,8.5252,113.9279,0.7848,False
15088,Saalekreis,182451,1440.46,126.6616,Ost,15,403,32,28,72,293,399,0.5767,4.0,40.2106,11.3444,3.3057,3.7841,9.9528,9.7974,18.5382,220.8812,17.539,203.3423,0.7343,False
15089,Salzlandkreis,180771,1433.6,126.0958,Ost,15,287,27,11,58,206,285,0.7285,5.0,37.5892,11.3564,2.9152,4.0922,10.4733,11.2238,19.0732,158.7644,14.936,143.8284,0.7228,False
15090,Stendal,106538,2436.19,43.7314,Ost,15,367,57,31,60,284,364,0.7534,5.0,37.352,11.619,3.0305,3.3398,10.5257,11.6614,19.2836,344.478,53.502,290.976,0.7802,False
15091,Wittenberg,121694,1942.79,62.6388,Ost,15,204,17,4,39,142,203,0.6744,5.0,37.453,10.8278,2.9213,3.9018,9.5154,10.5033,21.4716,167.6336,13.9695,153.6641,0.6995,False
16051,"Erfurt, Stadt",218793,269.91,810.6146,Ost,16,1708,195,349,168,1244,1684,0.5646,4.0,26.8804,8.9714,2.8797,8.758,22.115,10.5276,17.5664,780.6465,89.1253,691.5212,0.7387,True
16052,"Gera, Stadt",95608,152.18,628.256,Ost,16,267,33,14,41,191,264,0.7549,5.0,43.3747,9.9007,2.9798,2.8568,13.025,7.9032,17.7708,279.2653,34.5159,244.7494,0.7235,False
16053,"Jena, Stadt",109725,114.77,956.0425,Ost,16,1997,275,564,257,1431,1976,0.3302,1.0,32.4555,9.1739,3.0702,7.5848,18.666,9.0441,17.3439,1820.0046,250.6266,1569.378,0.7242,True
16054,"Suhl, Stadt",34685,141.62,244.916,Ost,16,78,5,3,9,59,77,0.6604,5.0,43.0933,10.1484,2.5985,2.4768,12.5452,8.3465,17.4846,224.8811,14.4155,210.4656,0.7662,False
16055,"Weimar, Stadt",65954,84.47,780.7979,Ost,16,547,52,86,57,383,541,0.5432,3.0,26.8804,8.9714,2.8797,8.758,22.115,10.5276,17.5664,829.3659,78.8428,750.5231,0.7079,False
16061,Eichsfeld,103694,1002.32,103.454,Ost,16,433,37,27,68,320,427,0.5452,3.0,38.9441,8.5512,2.9658,2.6889,13.2922,8.5567,23.3406,417.5748,35.6819,381.8929,0.7494,False
16062,Nordhausen,80762,713.9,113.1279,Ost,16,151,13,10,26,115,149,0.7195,5.0,38.9441,8.5512,2.9658,2.6889,13.2922,8.5567,23.3406,186.9691,16.0967,170.8724,0.7718,False
16063,Wartburgkreis,154957,1367.17,113.3414,Ost,16,333,44,8,54,246,330,0.5613,4.0,40.3641,9.3587,2.5537,2.9822,13.0825,9.3417,19.6701,214.8983,28.395,186.5034,0.7455,False
16064,Unstrut-Hainich-Kreis,94613,924.41,102.3496,Ost,16,193,14,8,30,143,192,0.6966,5.0,40.3641,9.3587,2.5537,2.9822,13.0825,9.3417,19.6701,203.9889,14.7971,189.1918,0.7448,False
16065,Kyffhäuserkreis,71738,1037.9,69.1184,Ost,16,109,9,3,20,82,108,0.7598,5.0,38.9441,8.5512,2.9658,2.6889,13.2922,8.5567,23.3406,151.9418,12.5457,139.3961,0.7593,False
16066,Schmalkalden-Meiningen,120214,1251.17,96.0813,Ost,16,257,22,10,51,198,253,0.6059,4.0,43.0933,10.1484,2.5985,2.4768,12.5452,8.3465,17.4846,213.7854,18.3007,195.4847,0.7826,False
16067,Gotha,135838,936.07,145.1152,Ost,16,303,18,8,42,218,299,0.6543,5.0,40.5624,9.2598,2.6589,3.5082,14.9597,8.8253,17.6451,223.0598,13.2511,209.8087,0.7291,False
16068,Sömmerda,67693,806.89,83.8937,Ost,16,101,6,3,15,78,100,0.6741,5.0,32.4555,9.1739,3.0702,7.5848,18.666,9.0441,17.3439,149.203,8.8635,140.3395,0.78,False
16069,Hildburghausen,59987,938.41,63.9241,Ost,16,103,14,1,25,76,100,0.5764,4.0,43.0933,10.1484,2.5985,2.4768,12.5452,8.3465,17.4846,171.7039,23.3384,148.3655,0.76,False
16070,Ilm-Kreis,106657,805.11,132.4751,Ost,16,254,18,23,25,159,250,0.5842,4.0,40.5624,9.2598,2.6589,3.5082,14.9597,8.8253,17.6451,238.1466,16.8765,221.2701,0.636,False
16071,Weimarer Land,82392,804.47,102.4177,Ost,16,179,11,7,21,124,176,0.5753,4.0,32.0404,9.1588,3.056,7.6722,18.9228,9.1546,17.3605,217.2541,13.3508,203.9033,0.7045,False
16072,Sonneberg,54964,460.84,119.2692,Ost,16,102,6,2,13,71,101,0.6544,5.0,43.0933,10.1484,2.5985,2.4768,12.5452,8.3465,17.4846,185.576,10.9162,174.6598,0.703,False
16073,Saalfeld-Rudolstadt,100105,1008.76,99.2357,Ost,16,189,7,6,38,145,185,0.601,4.0,42.9168,9.9235,2.8062,2.9491,13.4618,7.5285,17.9397,188.8018,6.9927,181.8091,0.7838,False
16074,Saale-Holzland-Kreis,83342,815.24,102.23,Ost,16,193,21,14,29,148,190,0.5392,3.0,42.9168,9.9235,2.8062,2.9491,13.4618,7.5285,17.9397,231.5759,25.1974,206.3785,0.7789,False
16075,Saale-Orla-Kreis,77341,1151.32,67.1759,Ost,16,192,16,8,39,140,191,0.6205,4.0,42.9168,9.9235,2.8062,2.9491,13.4618,7.5285,17.9397,248.2513,20.6876,227.5636,0.733,False
16076,Greiz,93707,845.93,110.7739,Ost,16,152,7,5,34,114,152,0.5998,4.0,43.3747,9.9007,2.9798,2.8568,13.025,7.9032,17.7708,162.2077,7.4701,154.7376,0.75,False
16077,Altenburger Land,87508,569.42,153.6792,Ost,16,193,10,8,24,133,191,0.7008,5.0,43.3747,9.9007,2.9798,2.8568,13.025,7.9032,17.7708,220.5513,11.4275,209.1237,0.6963,False
